,Time,Driver,DriverNumber,LapTime,LapNumber,Stint,PitOutTime,PitInTime,Sector1Time,Sector2Time,Sector3Time,Sector1SessionTime,Sector2SessionTime,Sector3SessionTime,SpeedI1,SpeedI2,SpeedFL,SpeedST,IsPersonalBest,Compound,TyreLife,FreshTyre,Team,LapStartTime,LapStartDate,TrackStatus,Position,Deleted,DeletedReason,FastF1Generated,IsAccurate
0,0 days 00:17:36.950000,VER,1,,1.0,1.0,0 days 00:15:28.695000,,,0 days 00:00:56.455000,0 days 00:00:46.916000,,0 days 00:16:50.096000,0 days 00:17:36.950000,270.0,179.0,223.0,179.0,False,SOFT,1.0,True,Red Bull Racing,0 days 00:15:28.695000,2022-11-19 14:04:57.847,1,,False,,False,False
1,0 days 00:19:01.704000,VER,1,84.754,2.0,1.0,,,0 days 00:00:17.354000,0 days 00:00:36.456000,0 days 00:00:30.944000,0 days 00:17:54.304000,0 days 00:18:30.760000,0 days 00:19:01.704000,290.0,322.0,217.0,329.0,True,SOFT,2.0,True,Red Bull Racing,0 days 00:17:36.950000,2022-11-19 14:07:06.102,1,,False,,False,True
2,0 days 00:20:53.787000,VER,1,112.083,3.0,1.0,,0 days 00:20:52.684000,0 days 00:00:25.756000,0 days 00:00:45.865000,0 days 00:00:40.462000,0 days 00:19:27.460000,0 days 00:20:13.325000,0 days 00:20:53.787000,161.0,227.0,,213.0,False,SOFT,3.0,True,Red Bull Racing,0 days 00:19:01.704000,2022-11-19 14:08:30.856,2,,False,,False,False
3,0 days 00:27:39.159000,VER,1,,4.0,2.0,0 days 00:24:41.559000,,,0 days 00:00:58.121000,0 days 00:01:28.942000,,0 days 00:26:10.217000,0 days 00:27:39.280000,168.0,179.0,219.0,179.0,False,SOFT,4.0,False,Red Bull Racing,0 days 00:20:53.787000,2022-11-19 14:10:22.939,1,,False,,False,False
4,0 days 00:29:28.687000,VER,1,109.528,5.0,2.0,,0 days 00:29:27.502000,0 days 00:00:21.828000,0 days 00:00:45.618000,0 days 00:00:42.082000,0 days 00:28:00.987000,0 days 00:28:46.605000,0 days 00:29:28.687000,266.0,234.0,,232.0,False,SOFT,5.0,False,Red Bull Racing,0 days 00:27:39.159000,2022-11-19 14:17:08.311,1,,False,,False,False
5,0 days 00:41:05.934000,VER,1,,6.0,3.0,0 days 00:38:59.716000,,,0 days 00:00:54.253000,0 days 00:00:47.052000,,0 days 00:40:18.890000,0 days 00:41:05.952000,179.0,179.0,223.0,179.0,False,SOFT,1.0,True,Red Bull Racing,0 days 00:29:28.687000,2022-11-19 14:18:57.839,1,,False,,False,False
6,0 days 00:42:30.796000,VER,1,84.862,7.0,3.0,,,0 days 00:00:17.406000,0 days 00:00:36.429000,0 days 00:00:31.027000,0 days 00:41:23.340000,0 days 00:41:59.769000,0 days 00:42:30.796000,290.0,324.0,218.0,329.0,True,SOFT,2.0,True,Red Bull Racing,0 days 00:41:05.934000,2022-11-19 14:30:35.086,1,,False,,False,True
7,0 days 00:44:19.794000,VER,1,108.998,8.0,3.0,,0 days 00:44:18.668000,0 days 00:00:21.766000,0 days 00:00:46.133000,0 days 00:00:41.099000,0 days 00:42:52.562000,0 days 00:43:38.695000,0 days 00:44:19.794000,236.0,182.0,,235.0,False,SOFT,3.0,True,Red Bull Racing,0 days 00:42:30.796000,2022-11-19 14:31:59.948,1,,False,,False,False
8,0 days 00:49:30.259000,VER,1,,9.0,4.0,0 days 00:47:11.581000,,,0 days 00:00:56.962000,0 days 00:00:55.154000,,0 days 00:48:35.139000,0 days 00:49:30.422000,175.0,179.0,223.0,179.0,False,SOFT,4.0,False,Red Bull Racing,0 days 00:44:19.794000,2022-11-19 14:33:48.946,1,,False,,False,False
9,0 days 00:50:54.881000,VER,1,84.622,10.0,4.0,,,0 days 00:00:17.398000,0 days 00:00:36.433000,0 days 00:00:30.791000,0 days 00:49:47.657000,0 days 00:50:24.090000,0 days 00:50:54.881000,289.0,323.0,219.0,328.0,True,SOFT,5.0,False,Red Bull Racing,0 days 00:49:30.259000,2022-11-19 14:38:59.411,1,,False,,False,True
10,0 days 00:52:42.730000,VER,1,107.849,11.0,4.0,,0 days 00:52:41.622000,0 days 00:00:20.857000,0 days 00:00:45.825000,0 days 00:00:41.167000,0 days 00:51:15.738000,0 days 00:52:01.563000,0 days 00:52:42.730000,237.0,198.0,,218.0,False,SOFT,6.0,False,Red Bull Racing,0 days 00:50:54.881000,2022-11-19 14:40:24.033,1,,False,,False,False
11,0 days 01:01:52.105000,VER,1,,12.0,5.0,0 days 00:59:50.269000,,,0 days 00:00:50.456000,0 days 00:00:48.444000,,0 days 01:01:03.679000,0 days 01:01:52.105000,267.0,199.0,225.0,199.0,False,SOFT,1.0,True,Red Bull Racing,0 days 00:52:42.730000,2022-11-19 14:42:11.882,1,,False,,False,False
12,0 days 01:03:16.093000,VER,1,83.988,13.0,5.0,,,0 days 00:00:17.292000,0 days 00:00:36.176000,0 days 00:00:30.520000,0 days 01:02:09.397000,0 days 01:02:45.573000,0 days 01:03:16.093000,291.0,322.0,219.0,328.0,True,SOFT,2.0,True,Red Bull Racing,0 days 01:01:52.105000,2022-11-19 14:51:21.257,1,,False,,False,True
13,0 days 01:05:04.505000,VER,1,108.412,14.0,5.0,,0 days 01:05:03.370000,0 days 00:00:22.545000,0 days 00:00:45.014000,0 days 00:00:40.853000,0 days 01:03:38.638000,0 days 01:04:23.652000,0 days 01:05:04.505000,244.0,213.0,,225.0,False,SOFT,3.0,True,Red Bull Racing,0 days 01:03:16.093000,2022-11-19 14:52:45.245,1,,False,,False,False
14,0 days 01:09:14.138000,VER,1,,15.0,6.0,0 days 01:07:15.941000,,,0 days 00:00:51.473000,0 days 00:00:39.953000,,0 days 01:08:34.203000,0 days 01:09:14.295000,225.0,199.0,226.0,199.0,False,SOFT,1.0,True,Red Bull Racing,0 days 01:05:04.505000,2022-11-19 14:54:33.657,1,,False,,False,False
15,0 days 01:10:37.962000,VER,1,83.824,16.0,6.0,,,0 days 00:00:17.287000,0 days 00:00:36.056000,0 days 00:00:30.481000,0 days 01:09:31.425000,0 days 01:10:07.481000,0 days 01:10:37.962000,290.0,323.0,220.0,327.0,True,SOFT,2.0,True,Red Bull Racing,0 days 01:09:14.138000,2022-11-19 14:58:43.290,1,,False,,False,True
16,0 days 01:12:27.669000,VER,1,109.707,17.0,6.0,,0 days 01:12:25.975000,0 days 00:00:23.918000,0 days 00:00:45.417000,0 days 00:00:40.372000,0 days 01:11:01.880000,0 days 01:11:47.297000,0 days 01:12:27.669000,172.0,268.0,,261.0,False,SOFT,3.0,True,Red Bull Racing,0 days 01:10:37.962000,2022-11-19 15:00:07.114,1,,False,,False,False
17,0 days 00:16:54.660000,PER,11,,1.0,1.0,0 days 00:15:02.020000,,,0 days 00:00:46.217000,0 days 00:00:43.525000,,0 days 00:16:11.184000,0 days 00:16:54.660000,241.0,251.0,219.0,260.0,False,SOFT,1.0,True,Red Bull Racing,0 days 00:15:02.020000,2022-11-19 14:04:31.172,1,,False,,False,False
18,0 days 00:18:19.480000,PER,11,84.82,2.0,1.0,,,0 days 00:00:17.437000,0 days 00:00:36.442000,0 days 00:00:30.941000,0 days 00:17:12.097000,0 days 00:17:48.539000,0 days 00:18:19.480000,291.0,323.0,217.0,329.0,True,SOFT,2.0,True,Red Bull Racing,0 days 00:16:54.660000,2022-11-19 14:06:23.812,1,,False,,False,True
19,0 days 00:20:19.085000,PER,11,119.605,3.0,1.0,,0 days 00:20:17.697000,0 days 00:00:23.788000,0 days 00:00:51.154000,0 days 00:00:44.663000,0 days 00:18:43.268000,0 days 00:19:34.422000,0 days 00:20:19.085000,230.0,258.0,,182.0,False,SOFT,3.0,True,Red Bull Racing,0 days 00:18:19.480000,2022-11-19 14:07:48.632,2,,False,,False,False
20,0 days 00:28:05.257000,PER,11,,4.0,2.0,0 days 00:24:59.939000,,,0 days 00:00:54.892000,0 days 00:01:31.214000,,0 days 00:26:34.043000,0 days 00:28:05.401000,174.0,138.0,213.0,238.0,False,SOFT,4.0,False,Red Bull Racing,0 days 00:20:19.085000,2022-11-19 14:09:48.237,1,,False,,False,False
21,0 days 00:29:30.227000,PER,11,84.97,5.0,2.0,,,0 days 00:00:17.772000,0 days 00:00:36.248000,0 days 00:00:30.950000,0 days 00:28:23.029000,0 days 00:28:59.277000,0 days 00:29:30.227000,290.0,326.0,217.0,331.0,False,SOFT,5.0,False,Red Bull Racing,0 days 00:28:05.257000,2022-11-19 14:17:34.409,1,,False,,False,True
22,0 days 00:31:25.814000,PER,11,115.587,6.0,2.0,,0 days 00:31:24.613000,0 days 00:00:23.633000,0 days 00:00:46.823000,0 days 00:00:45.131000,0 days 00:29:53.860000,0 days 00:30:40.683000,0 days 00:31:25.814000,236.0,208.0,,246.0,False,SOFT,6.0,False,Red Bull Racing,0 days 00:29:30.227000,2022-11-19 14:18:59.379,1,,False,,False,False
23,0 days 00:41:10.316000,PER,11,,7.0,3.0,0 days 00:39:02.477000,,,0 days 00:00:54.154000,0 days 00:00:48.505000,,0 days 00:40:21.821000,0 days 00:41:10.330000,179.0,187.0,220.0,203.0,False,SOFT,1.0,True,Red Bull Racing,0 days 00:31:25.814000,2022-11-19 14:20:54.966,1,,False,,False,False
24,0 days 00:42:34.735000,PER,11,84.419,8.0,3.0,,,0 days 00:00:17.414000,0 days 00:00:36.027000,0 days 00:00:30.978000,0 days 00:41:27.730000,0 days 00:42:03.757000,0 days 00:42:34.735000,291.0,326.0,219.0,331.0,True,SOFT,2.0,True,Red Bull Racing,0 days 00:41:10.316000,2022-11-19 14:30:39.468,1,,False,,False,True
25,0 days 00:44:26.710000,PER,11,111.975,9.0,3.0,,0 days 00:44:25.582000,0 days 00:00:23.446000,0 days 00:00:45.482000,0 days 00:00:43.047000,0 days 00:42:58.181000,0 days 00:43:43.663000,0 days 00:44:26.710000,233.0,201.0,,235.0,False,SOFT,3.0,True,Red Bull Racing,0 days 00:42:34.735000,2022-11-19 14:32:03.887,1,,False,,False,False
26,0 days 00:49:33.670000,PER,11,,10.0,4.0,0 days 00:47:15.441000,,,0 days 00:00:59.896000,0 days 00:00:53.303000,,0 days 00:48:40.382000,0 days 00:49:33.820000,174.0,190.0,218.0,163.0,False,SOFT,4.0,False,Red Bull Racing,0 days 00:44:26.710000,2022-11-19 14:33:55.862,1,,False,,False,False
27,0 days 00:50:58.655000,PER,11,84.985,11.0,4.0,,,0 days 00:00:17.526000,0 days 00:00:36.340000,0 days 00:00:31.119000,0 days 00:49:51.196000,0 days 00:50:27.536000,0 days 00:50:58.655000,291.0,325.0,214.0,331.0,False,SOFT,5.0,False,Red Bull Racing,0 days 00:49:33.670000,2022-11-19 14:39:02.822,1,,True,TRACK LIMITS AT TURN 1 LAP 12 ,False,True
28,0 days 00:52:46.661000,PER,11,108.006,12.0,4.0,,0 days 00:52:45.523000,0 days 00:00:21.731000,0 days 00:00:43.762000,0 days 00:00:42.513000,0 days 00:51:20.386000,0 days 00:52:04.148000,0 days 00:52:46.661000,255.0,208.0,,220.0,False,SOFT,6.0,False,Red Bull Racing,0 days 00:50:58.655000,2022-11-19 14:40:27.807,1,,False,,False,False
29,0 days 01:01:27.447000,PER,11,,13.0,5.0,0 days 00:59:25.016000,,,0 days 00:00:52.172000,0 days 00:00:46.105000,,0 days 01:00:41.366000,0 days 01:01:27.495000,186.0,168.0,220.0,200.0,False,SOFT,1.0,True,Red Bull Racing,0 days 00:52:46.661000,2022-11-19 14:42:15.813,1,,False,,False,False
30,0 days 01:02:51.763000,PER,11,84.316,14.0,5.0,,,0 days 00:00:17.390000,0 days 00:00:36.118000,0 days 00:00:30.808000,0 days 01:01:44.837000,0 days 01:02:20.955000,0 days 01:02:51.763000,290.0,324.0,215.0,328.0,True,SOFT,2.0,True,Red Bull Racing,0 days 01:01:27.447000,2022-11-19 14:50:56.599,1,,False,,False,True
31,0 days 01:04:39.827000,PER,11,108.064,15.0,5.0,,0 days 01:04:38.675000,0 days 00:00:23.027000,0 days 00:00:43.903000,0 days 00:00:41.134000,0 days 01:03:14.790000,0 days 01:03:58.693000,0 days 01:04:39.827000,247.0,236.0,,224.0,False,SOFT,3.0,True,Red Bull Racing,0 days 01:02:51.763000,2022-11-19 14:52:20.915,1,,False,,False,False
32,0 days 01:09:18.303000,PER,11,,16.0,6.0,0 days 01:07:18.516000,,,0 days 00:00:51.305000,0 days 00:00:42.046000,,0 days 01:08:36.316000,0 days 01:09:18.493000,205.0,216.0,219.0,192.0,False,SOFT,1.0,True,Red Bull Racing,0 days 01:04:39.827000,2022-11-19 14:54:08.979,1,,False,,False,False
33,0 days 01:10:42.355000,PER,11,84.052,17.0,6.0,,,0 days 00:00:17.343000,0 days 00:00:35.993000,0 days 00:00:30.716000,0 days 01:09:35.646000,0 days 01:10:11.639000,0 days 01:10:42.355000,291.0,325.0,217.0,330.0,True,SOFT,2.0,True,Red Bull Racing,0 days 01:09:18.303000,2022-11-19 14:58:47.455,1,,False,,False,True
34,0 days 01:12:36.430000,PER,11,114.075,18.0,6.0,,0 days 01:12:34.391000,0 days 00:00:22.905000,0 days 00:00:47.742000,0 days 00:00:43.428000,0 days 01:11:05.260000,0 days 01:11:53.002000,0 days 01:12:36.430000,182.0,236.0,,207.0,False,SOFT,3.0,True,Red Bull Racing,0 days 01:10:42.355000,2022-11-19 15:00:11.507,1,,False,,False,False
35,0 days 00:16:34.512000,LEC,16,,1.0,1.0,0 days 00:14:32.012000,,,0 days 00:00:50.855000,0 days 00:00:46.044000,,0 days 00:15:48.513000,0 days 00:16:34.512000,203.0,222.0,222.0,228.0,False,SOFT,1.0,True,Ferrari,0 days 00:14:32.012000,2022-11-19 14:04:01.164,1,,False,,False,False
36,0 days 00:17:59.723000,LEC,16,85.211,2.0,1.0,,,0 days 00:00:17.487000,0 days 00:00:36.603000,0 days 00:00:31.121000,0 days 00:16:51.999000,0 days 00:17:28.602000,0 days 00:17:59.723000,290.0,319.0,220.0,325.0,True,SOFT,2.0,True,Ferrari,0 days 00:16:34.512000,2022-11-19 14:06:03.664,1,,False,,False,True
37,0 days 00:20:39.028000,LEC,16,,3.0,1.0,,,0 days 00:00:27.637000,0 days 00:01:22.020000,0 days 00:00:49.621000,0 days 00:18:27.387000,0 days 00:19:49.422000,0 days 00:20:39.182000,84.0,163.0,221.0,102.0,False,SOFT,3.0,True,Ferrari,0 days 00:17:59.723000,2022-11-19 14:07:28.875,2,,False,,False,False
38,0 days 00:22:04.371000,LEC,16,85.343,4.0,1.0,,,0 days 00:00:17.465000,0 days 00:00:36.695000,0 days 00:00:31.183000,0 days 00:20:56.493000,0 days 00:21:33.188000,0 days 00:22:04.371000,291.0,320.0,218.0,323.0,False,SOFT,4.0,True,Ferrari,0 days 00:20:39.028000,2022-11-19 14:10:08.180,1,,False,,False,True
39,0 days 00:23:57.375000,LEC,16,113.004,5.0,1.0,,0 days 00:23:56.237000,0 days 00:00:20.931000,0 days 00:00:47.727000,0 days 00:00:44.346000,0 days 00:22:25.302000,0 days 00:23:13.029000,0 days 00:23:57.375000,241.0,201.0,,237.0,False,SOFT,5.0,True,Ferrari,0 days 00:22:04.371000,2022-11-19 14:11:33.523,1,,False,,False,False
40,0 days 00:40:31.394000,LEC,16,,6.0,2.0,0 days 00:38:03.952000,,,0 days 00:00:54.923000,0 days 00:00:53.008000,,0 days 00:39:38.446000,0 days 00:40:31.394000,256.0,200.0,223.0,202.0,False,SOFT,6.0,False,Ferrari,0 days 00:23:57.375000,2022-11-19 14:13:26.527,1,,False,,False,False
41,0 days 00:41:56.739000,LEC,16,85.345,7.0,2.0,,,0 days 00:00:17.478000,0 days 00:00:36.900000,0 days 00:00:30.967000,0 days 00:40:48.872000,0 days 00:41:25.772000,0 days 00:41:56.739000,290.0,320.0,218.0,325.0,True,SOFT,7.0,False,Ferrari,0 days 00:40:31.394000,2022-11-19 14:30:00.546,1,,False,,False,True
42,0 days 00:43:42.074000,LEC,16,105.335,8.0,2.0,,0 days 00:43:40.965000,0 days 00:00:20.190000,0 days 00:00:44.982000,0 days 00:00:40.163000,0 days 00:42:16.929000,0 days 00:43:01.911000,0 days 00:43:42.074000,238.0,225.0,,247.0,False,SOFT,8.0,False,Ferrari,0 days 00:41:56.739000,2022-11-19 14:31:25.891,1,,False,,False,False
43,0 days 00:49:09.271000,LEC,16,,9.0,3.0,0 days 00:46:41.741000,,,0 days 00:00:50.480000,0 days 00:00:47.826000,,0 days 00:48:21.479000,0 days 00:49:09.451000,219.0,236.0,224.0,195.0,False,SOFT,1.0,True,Ferrari,0 days 00:43:42.074000,2022-11-19 14:33:11.226,1,,False,,False,False
44,0 days 00:50:33.788000,LEC,16,84.517,10.0,3.0,,,0 days 00:00:17.316000,0 days 00:00:36.382000,0 days 00:00:30.819000,0 days 00:49:26.587000,0 days 00:50:02.969000,0 days 00:50:33.788000,291.0,320.0,219.0,325.0,True,SOFT,2.0,True,Ferrari,0 days 00:49:09.271000,2022-11-19 14:38:38.423,1,,False,,False,True
45,0 days 00:52:23.909000,LEC,16,110.121,11.0,3.0,,0 days 00:52:22.767000,0 days 00:00:22.795000,0 days 00:00:47.022000,0 days 00:00:40.304000,0 days 00:50:56.583000,0 days 00:51:43.605000,0 days 00:52:23.909000,217.0,218.0,,204.0,False,SOFT,3.0,True,Ferrari,0 days 00:50:33.788000,2022-11-19 14:40:02.940,1,,False,,False,False
46,0 days 01:00:49.003000,LEC,16,,12.0,4.0,0 days 00:58:43.765000,,,0 days 00:00:50.216000,0 days 00:00:45.092000,,0 days 01:00:03.911000,0 days 01:00:49.008000,226.0,213.0,224.0,213.0,False,SOFT,1.0,True,Ferrari,0 days 00:52:23.909000,2022-11-19 14:41:53.061,1,,False,,False,False
47,0 days 01:02:13.346000,LEC,16,84.343,13.0,4.0,,,0 days 00:00:17.344000,0 days 00:00:36.426000,0 days 00:00:30.573000,0 days 01:01:06.347000,0 days 01:01:42.773000,0 days 01:02:13.346000,291.0,319.0,221.0,323.0,True,SOFT,2.0,True,Ferrari,0 days 01:00:49.003000,2022-11-19 14:50:18.155,1,,False,,False,True
48,0 days 01:03:53.874000,LEC,16,100.528,14.0,4.0,,0 days 01:03:52.707000,0 days 00:00:20.160000,0 days 00:00:43.509000,0 days 00:00:36.859000,0 days 01:02:33.506000,0 days 01:03:17.015000,0 days 01:03:53.874000,224.0,251.0,,232.0,False,SOFT,3.0,True,Ferrari,0 days 01:02:13.346000,2022-11-19 14:51:42.498,1,,False,,False,False
49,0 days 01:08:37.880000,LEC,16,,15.0,5.0,0 days 01:06:26.513000,,,0 days 00:00:56.818000,0 days 00:00:48.522000,,0 days 01:07:49.389000,0 days 01:08:38.070000,164.0,174.0,225.0,236.0,False,SOFT,1.0,True,Ferrari,0 days 01:03:53.874000,2022-11-19 14:53:23.026,1,,False,,False,False
50,0 days 01:10:01.972000,LEC,16,84.092,16.0,5.0,,,0 days 00:00:17.298000,0 days 00:00:36.318000,0 days 00:00:30.476000,0 days 01:08:55.178000,0 days 01:09:31.496000,0 days 01:10:01.972000,291.0,318.0,220.0,323.0,True,SOFT,2.0,True,Ferrari,0 days 01:08:37.880000,2022-11-19 14:58:07.032,1,,False,,False,True
51,0 days 01:11:54.599000,LEC,16,112.627,17.0,5.0,,0 days 01:11:52.194000,0 days 00:00:20.780000,0 days 00:00:48.162000,0 days 00:00:43.685000,0 days 01:10:22.752000,0 days 01:11:10.914000,0 days 01:11:54.599000,208.0,209.0,,209.0,False,SOFT,3.0,True,Ferrari,0 days 01:10:01.972000,2022-11-19 14:59:31.124,1,,False,,False,False
52,0 days 00:16:42.164000,SAI,55,,1.0,1.0,0 days 00:14:41.380000,,,0 days 00:00:45.902000,0 days 00:00:51.887000,,0 days 00:15:50.285000,0 days 00:16:42.171000,247.0,153.0,218.0,236.0,False,SOFT,1.0,True,Ferrari,0 days 00:14:41.380000,2022-11-19 14:04:10.532,1,,False,,False,False
53,0 days 00:19:00.455000,SAI,55,138.291,2.0,1.0,,,0 days 00:00:20.432000,0 days 00:01:08.388000,0 days 00:00:49.471000,0 days 00:17:02.596000,0 days 00:18:10.984000,0 days 00:19:00.455000,135.0,114.0,222.0,147.0,True,SOFT,2.0,True,Ferrari,0 days 00:16:42.164000,2022-11-19 14:06:11.316,1,,False,,False,True
54,0 days 00:20:25.545000,SAI,55,85.09,3.0,1.0,,,0 days 00:00:17.508000,0 days 00:00:36.601000,0 days 00:00:30.981000,0 days 00:19:17.963000,0 days 00:19:54.564000,0 days 00:20:25.545000,290.0,320.0,219.0,323.0,True,SOFT,3.0,True,Ferrari,0 days 00:19:00.455000,2022-11-19 14:08:29.607,2,,False,,False,True
55,0 days 00:22:20.078000,SAI,55,114.533,4.0,1.0,,0 days 00:22:18.942000,0 days 00:00:22.377000,0 days 00:00:51.776000,0 days 00:00:40.380000,0 days 00:20:47.922000,0 days 00:21:39.698000,0 days 00:22:20.078000,203.0,201.0,,173.0,False,SOFT,4.0,True,Ferrari,0 days 00:20:25.545000,2022-11-19 14:09:54.697,1,,False,,False,False
56,0 days 00:40:37.281000,SAI,55,,5.0,2.0,0 days 00:38:18.174000,,,0 days 00:00:49.114000,0 days 00:00:55.841000,,0 days 00:39:41.483000,0 days 00:40:37.294000,214.0,243.0,222.0,257.0,False,SOFT,5.0,False,Ferrari,0 days 00:22:20.078000,2022-11-19 14:11:49.230,1,,False,,False,False
57,0 days 00:42:02.320000,SAI,55,85.039,6.0,2.0,,,0 days 00:00:17.471000,0 days 00:00:36.605000,0 days 00:00:30.963000,0 days 00:40:54.752000,0 days 00:41:31.357000,0 days 00:42:02.320000,289.0,321.0,218.0,325.0,True,SOFT,6.0,False,Ferrari,0 days 00:40:37.281000,2022-11-19 14:30:06.433,1,,False,,False,True
58,0 days 00:43:47.271000,SAI,55,104.951,7.0,2.0,,0 days 00:43:45.079000,0 days 00:00:20.391000,0 days 00:00:45.132000,0 days 00:00:39.428000,0 days 00:42:22.711000,0 days 00:43:07.843000,0 days 00:43:47.271000,238.0,228.0,,219.0,False,SOFT,7.0,False,Ferrari,0 days 00:42:02.320000,2022-11-19 14:31:31.472,1,,False,,False,False
59,0 days 00:49:17.341000,SAI,55,,8.0,3.0,0 days 00:46:55.869000,,,0 days 00:00:51.987000,0 days 00:00:51.818000,,0 days 00:48:25.523000,0 days 00:49:17.520000,229.0,187.0,224.0,258.0,False,SOFT,1.0,True,Ferrari,0 days 00:43:47.271000,2022-11-19 14:33:16.423,1,,False,,False,False
60,0 days 00:50:41.862000,SAI,55,84.521,9.0,3.0,,,0 days 00:00:17.372000,0 days 00:00:36.345000,0 days 00:00:30.804000,0 days 00:49:34.713000,0 days 00:50:11.058000,0 days 00:50:41.862000,290.0,319.0,219.0,324.0,True,SOFT,2.0,True,Ferrari,0 days 00:49:17.341000,2022-11-19 14:38:46.493,1,,False,,False,True
61,0 days 00:52:31.331000,SAI,55,109.469,10.0,3.0,,0 days 00:52:30.244000,0 days 00:00:20.122000,0 days 00:00:45.773000,0 days 00:00:43.574000,0 days 00:51:01.984000,0 days 00:51:47.757000,0 days 00:52:31.331000,243.0,224.0,,222.0,False,SOFT,3.0,True,Ferrari,0 days 00:50:41.862000,2022-11-19 14:40:11.014,1,,False,,False,False
62,0 days 01:00:57.353000,SAI,55,,11.0,4.0,0 days 00:58:48.793000,,,0 days 00:00:49.996000,0 days 00:00:45.687000,,0 days 01:00:11.694000,0 days 01:00:57.353000,224.0,178.0,225.0,236.0,False,SOFT,1.0,True,Ferrari,0 days 00:52:31.331000,2022-11-19 14:42:00.483,1,,False,,False,False
63,0 days 01:02:21.634000,SAI,55,84.281,12.0,4.0,,,0 days 00:00:17.273000,0 days 00:00:36.128000,0 days 00:00:30.880000,0 days 01:01:14.626000,0 days 01:01:50.754000,0 days 01:02:21.634000,291.0,321.0,219.0,324.0,True,SOFT,2.0,True,Ferrari,0 days 01:00:57.353000,2022-11-19 14:50:26.505,1,,False,,False,True
64,0 days 01:04:09.603000,SAI,55,107.969,13.0,4.0,,0 days 01:04:08.473000,0 days 00:00:21.144000,0 days 00:00:45.354000,0 days 00:00:41.471000,0 days 01:02:42.778000,0 days 01:03:28.132000,0 days 01:04:09.603000,235.0,223.0,,216.0,False,SOFT,3.0,True,Ferrari,0 days 01:02:21.634000,2022-11-19 14:51:50.786,1,,False,,False,False
65,0 days 01:08:57.649000,SAI,55,,14.0,5.0,0 days 01:06:35.513000,,,0 days 00:00:55.043000,0 days 00:00:57.982000,,0 days 01:07:59.697000,0 days 01:08:57.793000,221.0,177.0,225.0,224.0,False,SOFT,1.0,True,Ferrari,0 days 01:04:09.603000,2022-11-19 14:53:38.755,1,,False,,False,False
66,0 days 01:10:21.891000,SAI,55,84.242,15.0,5.0,,,0 days 00:00:17.307000,0 days 00:00:36.289000,0 days 00:00:30.646000,0 days 01:09:14.956000,0 days 01:09:51.245000,0 days 01:10:21.891000,290.0,321.0,219.0,324.0,True,SOFT,2.0,True,Ferrari,0 days 01:08:57.649000,2022-11-19 14:58:26.801,1,,False,,False,True
67,0 days 01:12:20.079000,SAI,55,118.188,16.0,5.0,,0 days 01:12:17.461000,0 days 00:00:22.958000,0 days 00:00:50.426000,0 days 00:00:44.804000,0 days 01:10:44.849000,0 days 01:11:35.275000,0 days 01:12:20.079000,197.0,190.0,,205.0,False,SOFT,3.0,True,Ferrari,0 days 01:10:21.891000,2022-11-19 14:59:51.043,1,,False,,False,False
68,0 days 00:17:57.201000,HAM,44,,1.0,1.0,0 days 00:16:01.718000,,,0 days 00:00:44.807000,0 days 00:00:45.982000,,0 days 00:17:11.251000,0 days 00:17:57.201000,235.0,238.0,219.0,254.0,False,SOFT,1.0,True,Mercedes,0 days 00:16:01.718000,2022-11-19 14:05:30.870,1,,False,,False,False
69,0 days 00:19:22.795000,HAM,44,85.594,2.0,1.0,,,0 days 00:00:17.621000,0 days 00:00:36.872000,0 days 00:00:31.101000,0 days 00:18:14.822000,0 days 00:18:51.694000,0 days 00:19:22.795000,287.0,317.0,216.0,318.0,True,SOFT,2.0,True,Mercedes,0 days 00:17:57.201000,2022-11-19 14:07:26.353,2,,False,,False,True
70,0 days 00:21:20.724000,HAM,44,117.929,3.0,1.0,,0 days 00:21:19.059000,0 days 00:00:25.370000,0 days 00:00:44.237000,0 days 00:00:48.322000,0 days 00:19:48.165000,0 days 00:20:32.402000,0 days 00:21:20.724000,226.0,246.0,,255.0,False,SOFT,3.0,True,Mercedes,0 days 00:19:22.795000,2022-11-19 14:08:51.947,1,,False,,False,False
71,0 days 00:27:32.013000,HAM,44,,4.0,2.0,0 days 00:25:04.135000,,,0 days 00:00:47.567000,0 days 00:01:00.651000,,0 days 00:26:31.366000,0 days 00:27:32.145000,204.0,249.0,217.0,230.0,False,SOFT,4.0,False,Mercedes,0 days 00:21:20.724000,2022-11-19 14:10:49.876,1,,False,,False,False
72,0 days 00:28:57.706000,HAM,44,85.693,5.0,2.0,,,0 days 00:00:17.606000,0 days 00:00:36.911000,0 days 00:00:31.176000,0 days 00:27:49.619000,0 days 00:28:26.530000,0 days 00:28:57.706000,287.0,318.0,217.0,321.0,False,SOFT,5.0,False,Mercedes,0 days 00:27:32.013000,2022-11-19 14:17:01.165,1,,False,,False,True
73,0 days 00:30:47.964000,HAM,44,110.258,6.0,2.0,,0 days 00:30:46.848000,0 days 00:00:21.349000,0 days 00:00:42.709000,0 days 00:00:46.200000,0 days 00:29:19.055000,0 days 00:30:01.764000,0 days 00:30:47.964000,245.0,203.0,,264.0,False,SOFT,6.0,False,Mercedes,0 days 00:28:57.706000,2022-11-19 14:18:26.858,1,,False,,False,False
74,0 days 00:37:17.817000,HAM,44,,7.0,3.0,0 days 00:35:35.192000,,,0 days 00:00:42.394000,0 days 00:00:37.307000,,0 days 00:36:40.590000,0 days 00:37:17.818000,248.0,265.0,224.0,263.0,False,SOFT,7.0,False,Mercedes,0 days 00:30:47.964000,2022-11-19 14:20:17.116,1,,False,,False,False
75,0 days 00:38:43.589000,HAM,44,85.772,8.0,3.0,,,0 days 00:00:17.579000,0 days 00:00:37.169000,0 days 00:00:31.024000,0 days 00:37:35.396000,0 days 00:38:12.565000,0 days 00:38:43.589000,286.0,315.0,218.0,316.0,True,SOFT,8.0,False,Mercedes,0 days 00:37:17.817000,2022-11-19 14:26:46.969,1,,False,,False,True
76,0 days 00:40:23.205000,HAM,44,99.616,9.0,3.0,,0 days 00:40:22.119000,0 days 00:00:18.560000,0 days 00:00:41.149000,0 days 00:00:39.907000,0 days 00:39:02.149000,0 days 00:39:43.298000,0 days 00:40:23.205000,263.0,247.0,,275.0,False,SOFT,9.0,False,Mercedes,0 days 00:38:43.589000,2022-11-19 14:28:12.741,1,,False,,False,False
77,0 days 00:44:00.438000,HAM,44,,10.0,4.0,0 days 00:42:13.915000,,,0 days 00:00:46.173000,0 days 00:00:36.398000,,0 days 00:43:24.110000,0 days 00:44:00.623000,245.0,235.0,225.0,258.0,False,SOFT,1.0,True,Mercedes,0 days 00:40:23.205000,2022-11-19 14:29:52.357,1,,False,,False,False
78,0 days 00:45:25.212000,HAM,44,84.774,11.0,4.0,,,0 days 00:00:17.422000,0 days 00:00:36.610000,0 days 00:00:30.742000,0 days 00:44:17.860000,0 days 00:44:54.470000,0 days 00:45:25.212000,286.0,314.0,217.0,317.0,True,SOFT,2.0,True,Mercedes,0 days 00:44:00.438000,2022-11-19 14:33:29.590,1,,False,,False,True
79,0 days 00:47:36.942000,HAM,44,131.73,12.0,4.0,,,0 days 00:00:24.722000,0 days 00:00:53.144000,0 days 00:00:53.864000,0 days 00:45:49.934000,0 days 00:46:43.078000,0 days 00:47:36.942000,235.0,192.0,139.0,160.0,False,SOFT,3.0,True,Mercedes,0 days 00:45:25.212000,2022-11-19 14:34:54.364,1,,False,,False,True
80,0 days 00:49:47.954000,HAM,44,131.012,13.0,4.0,,,0 days 00:00:29.886000,0 days 00:00:56.512000,0 days 00:00:44.614000,0 days 00:48:06.828000,0 days 00:49:03.340000,0 days 00:49:47.954000,185.0,111.0,224.0,164.0,False,SOFT,4.0,True,Mercedes,0 days 00:47:36.942000,2022-11-19 14:37:06.094,1,,False,,False,True
81,0 days 00:51:12.929000,HAM,44,84.975,14.0,4.0,,,0 days 00:00:17.436000,0 days 00:00:36.699000,0 days 00:00:30.840000,0 days 00:50:05.390000,0 days 00:50:42.089000,0 days 00:51:12.929000,287.0,319.0,217.0,318.0,False,SOFT,5.0,True,Mercedes,0 days 00:49:47.954000,2022-11-19 14:39:17.106,1,,False,,False,True
82,0 days 00:52:52.355000,HAM,44,99.426,15.0,4.0,,0 days 00:52:51.256000,0 days 00:00:18.628000,0 days 00:00:40.958000,0 days 00:00:39.840000,0 days 00:51:31.557000,0 days 00:52:12.515000,0 days 00:52:52.355000,260.0,273.0,,267.0,False,SOFT,6.0,True,Mercedes,0 days 00:51:12.929000,2022-11-19 14:40:42.081,1,,False,,False,False
83,0 days 01:00:14.470000,HAM,44,,16.0,5.0,0 days 00:58:33.954000,,,0 days 00:00:41.750000,0 days 00:00:35.600000,,0 days 00:59:38.884000,0 days 01:00:14.471000,248.0,269.0,225.0,268.0,False,SOFT,1.0,True,Mercedes,0 days 00:52:52.355000,2022-11-19 14:42:21.507,1,,False,,False,False
84,0 days 01:01:39.148000,HAM,44,84.678,17.0,5.0,,,0 days 00:00:17.339000,0 days 00:00:36.591000,0 days 00:00:30.748000,0 days 01:00:31.809000,0 days 01:01:08.400000,0 days 01:01:39.148000,287.0,316.0,219.0,317.0,True,SOFT,2.0,True,Mercedes,0 days 01:00:14.470000,2022-11-19 14:49:43.622,1,,False,,False,True
85,0 days 01:03:24.536000,HAM,44,105.388,18.0,5.0,,0 days 01:03:23.394000,0 days 00:00:19.854000,0 days 00:00:48.184000,0 days 00:00:37.350000,0 days 01:01:59.002000,0 days 01:02:47.186000,0 days 01:03:24.536000,255.0,228.0,,270.0,False,SOFT,3.0,True,Mercedes,0 days 01:01:39.148000,2022-11-19 14:51:08.300,1,,False,,False,False
86,0 days 01:09:32.617000,HAM,44,,19.0,6.0,0 days 01:07:46.905000,,,0 days 00:00:44.789000,0 days 00:00:36.513000,,0 days 01:08:56.114000,0 days 01:09:32.813000,245.0,244.0,225.0,259.0,False,SOFT,1.0,True,Mercedes,0 days 01:03:24.536000,2022-11-19 14:52:53.688,1,,False,,False,False
87,0 days 01:10:57.125000,HAM,44,84.508,20.0,6.0,,,0 days 00:00:17.220000,0 days 00:00:36.471000,0 days 00:00:30.817000,0 days 01:09:49.837000,0 days 01:10:26.308000,0 days 01:10:57.125000,287.0,315.0,220.0,318.0,True,SOFT,2.0,True,Mercedes,0 days 01:09:32.617000,2022-11-19 14:59:01.769,1,,False,,False,True
88,0 days 01:12:51.157000,HAM,44,114.032,21.0,6.0,,0 days 01:12:47.853000,0 days 00:00:20.847000,0 days 00:00:45.262000,0 days 00:00:47.923000,0 days 01:11:17.972000,0 days 01:12:03.234000,0 days 01:12:51.157000,228.0,194.0,,248.0,False,SOFT,3.0,True,Mercedes,0 days 01:10:57.125000,2022-11-19 15:00:26.277,1,,False,,False,False
89,0 days 00:18:06.168000,RUS,63,,1.0,1.0,0 days 00:16:13.931000,,,0 days 00:00:49.391000,0 days 00:00:42.667000,,0 days 00:17:23.539000,0 days 00:18:06.168000,253.0,182.0,224.0,266.0,False,SOFT,1.0,True,Mercedes,0 days 00:16:13.931000,2022-11-19 14:05:43.083,1,,False,,False,False
90,0 days 00:19:31.713000,RUS,63,85.545,2.0,1.0,,,0 days 00:00:17.584000,0 days 00:00:36.713000,0 days 00:00:31.248000,0 days 00:18:23.752000,0 days 00:19:00.465000,0 days 00:19:31.713000,284.0,316.0,218.0,317.0,True,SOFT,2.0,True,Mercedes,0 days 00:18:06.168000,2022-11-19 14:07:35.320,2,,False,,False,True
91,0 days 00:21:34.042000,RUS,63,122.329,3.0,1.0,,0 days 00:21:33.046000,0 days 00:00:25.981000,0 days 00:00:47.862000,0 days 00:00:48.486000,0 days 00:19:57.694000,0 days 00:20:45.556000,0 days 00:21:34.042000,220.0,247.0,,248.0,False,SOFT,3.0,True,Mercedes,0 days 00:19:31.713000,2022-11-19 14:09:00.865,1,,False,,False,False
92,0 days 00:27:50.004000,RUS,63,,4.0,2.0,0 days 00:25:05.773000,,,0 days 00:00:45.103000,0 days 00:01:18.266000,,0 days 00:26:31.773000,0 days 00:27:50.159000,258.0,251.0,219.0,187.0,False,SOFT,4.0,False,Mercedes,0 days 00:21:34.042000,2022-11-19 14:11:03.194,1,,False,,False,False
93,0 days 00:29:15.560000,RUS,63,85.556,5.0,2.0,,,0 days 00:00:17.778000,0 days 00:00:36.785000,0 days 00:00:30.993000,0 days 00:28:07.782000,0 days 00:28:44.567000,0 days 00:29:15.560000,284.0,319.0,218.0,323.0,False,SOFT,5.0,False,Mercedes,0 days 00:27:50.004000,2022-11-19 14:17:19.156,1,,False,,False,True
94,0 days 00:31:11.941000,RUS,63,116.381,6.0,2.0,,0 days 00:31:10.678000,0 days 00:00:24.629000,0 days 00:00:47.809000,0 days 00:00:43.943000,0 days 00:29:40.189000,0 days 00:30:27.998000,0 days 00:31:11.941000,235.0,218.0,,209.0,False,SOFT,6.0,False,Mercedes,0 days 00:29:15.560000,2022-11-19 14:18:44.712,1,,False,,False,False
95,0 days 00:37:35.746000,RUS,63,,7.0,3.0,0 days 00:35:39.906000,,,0 days 00:00:45.034000,0 days 00:00:46.422000,,0 days 00:36:49.391000,0 days 00:37:35.795000,258.0,186.0,223.0,265.0,False,SOFT,7.0,False,Mercedes,0 days 00:31:11.941000,2022-11-19 14:20:41.093,1,,False,,False,False
96,0 days 00:39:01.109000,RUS,63,85.363,8.0,3.0,,,0 days 00:00:17.718000,0 days 00:00:36.787000,0 days 00:00:30.858000,0 days 00:37:53.464000,0 days 00:38:30.251000,0 days 00:39:01.109000,283.0,316.0,220.0,319.0,True,SOFT,8.0,False,Mercedes,0 days 00:37:35.746000,2022-11-19 14:27:04.898,1,,False,,False,True
97,0 days 00:40:44.450000,RUS,63,103.341,9.0,3.0,,0 days 00:40:43.113000,0 days 00:00:20.169000,0 days 00:00:44.614000,0 days 00:00:38.558000,0 days 00:39:21.278000,0 days 00:40:05.892000,0 days 00:40:44.450000,236.0,209.0,,266.0,False,SOFT,9.0,False,Mercedes,0 days 00:39:01.109000,2022-11-19 14:28:30.261,1,,False,,False,False
98,0 days 00:44:51.752000,RUS,63,,10.0,4.0,0 days 00:43:09.918000,,,0 days 00:00:41.662000,0 days 00:00:40.228000,,0 days 00:44:11.551000,0 days 00:44:51.924000,262.0,261.0,223.0,291.0,False,SOFT,1.0,True,Mercedes,0 days 00:40:44.450000,2022-11-19 14:30:13.602,1,,False,,False,False
99,0 days 00:46:16.692000,RUS,63,84.94,11.0,4.0,,,0 days 00:00:17.538000,0 days 00:00:36.598000,0 days 00:00:30.804000,0 days 00:45:09.290000,0 days 00:45:45.888000,0 days 00:46:16.692000,285.0,316.0,218.0,319.0,True,SOFT,2.0,True,Mercedes,0 days 00:44:51.752000,2022-11-19 14:34:20.904,1,,False,,False,True
100,0 days 00:48:28.710000,RUS,63,132.018,12.0,4.0,,,0 days 00:00:24.070000,0 days 00:00:53.040000,0 days 00:00:54.908000,0 days 00:46:40.762000,0 days 00:47:33.802000,0 days 00:48:28.710000,227.0,197.0,223.0,134.0,False,SOFT,3.0,True,Mercedes,0 days 00:46:16.692000,2022-11-19 14:35:45.844,1,,False,,False,True
101,0 days 00:49:53.730000,RUS,63,85.02,13.0,4.0,,,0 days 00:00:17.526000,0 days 00:00:36.667000,0 days 00:00:30.827000,0 days 00:48:46.236000,0 days 00:49:22.903000,0 days 00:49:53.730000,285.0,317.0,219.0,320.0,False,SOFT,4.0,True,Mercedes,0 days 00:48:28.710000,2022-11-19 14:37:57.862,1,,False,,False,True
102,0 days 00:51:45.586000,RUS,63,111.856,14.0,4.0,,0 days 00:51:44.443000,0 days 00:00:23.089000,0 days 00:00:43.956000,0 days 00:00:44.811000,0 days 00:50:16.819000,0 days 00:51:00.775000,0 days 00:51:45.586000,215.0,208.0,,271.0,False,SOFT,5.0,True,Mercedes,0 days 00:49:53.730000,2022-11-19 14:39:22.882,1,,False,,False,False
103,0 days 01:00:19.576000,RUS,63,,15.0,5.0,0 days 00:58:37.145000,,,0 days 00:00:43.692000,0 days 00:00:38.167000,,0 days 00:59:41.413000,0 days 01:00:19.585000,254.0,238.0,225.0,251.0,False,SOFT,1.0,True,Mercedes,0 days 00:51:45.586000,2022-11-19 14:41:14.738,1,,False,,False,False
104,0 days 01:01:44.270000,RUS,63,84.694,16.0,5.0,,,0 days 00:00:17.398000,0 days 00:00:36.436000,0 days 00:00:30.860000,0 days 01:00:36.974000,0 days 01:01:13.410000,0 days 01:01:44.270000,286.0,319.0,218.0,323.0,True,SOFT,2.0,True,Mercedes,0 days 01:00:19.576000,2022-11-19 14:49:48.728,1,,False,,False,True
105,0 days 01:03:38.190000,RUS,63,113.92,17.0,5.0,,0 days 01:03:37.062000,0 days 00:00:22.672000,0 days 00:00:49.846000,0 days 00:00:41.402000,0 days 01:02:06.942000,0 days 01:02:56.788000,0 days 01:03:38.190000,174.0,209.0,,209.0,False,SOFT,3.0,True,Mercedes,0 days 01:01:44.270000,2022-11-19 14:51:13.422,1,,False,,False,False
106,0 days 01:09:37.149000,RUS,63,,18.0,6.0,0 days 01:07:48.381000,,,0 days 00:00:45.682000,0 days 00:00:38.506000,,0 days 01:08:58.643000,0 days 01:09:37.322000,224.0,211.0,225.0,254.0,False,SOFT,1.0,True,Mercedes,0 days 01:03:38.190000,2022-11-19 14:53:07.342,1,,False,,False,False
107,0 days 01:11:01.660000,RUS,63,84.511,19.0,6.0,,,0 days 00:00:17.390000,0 days 00:00:36.510000,0 days 00:00:30.611000,0 days 01:09:54.539000,0 days 01:10:31.049000,0 days 01:11:01.660000,286.0,319.0,220.0,322.0,True,SOFT,2.0,True,Mercedes,0 days 01:09:37.149000,2022-11-19 14:59:06.301,1,,False,,False,True
108,0 days 01:12:57.153000,RUS,63,115.493,20.0,6.0,,0 days 01:12:55.014000,0 days 00:00:23.209000,0 days 00:00:48.241000,0 days 00:00:44.043000,0 days 01:11:24.869000,0 days 01:12:13.110000,0 days 01:12:57.153000,194.0,209.0,,209.0,False,SOFT,3.0,True,Mercedes,0 days 01:11:01.660000,2022-11-19 15:00:30.812,1,,False,,False,False
109,0 days 00:17:15.669000,NOR,4,,1.0,1.0,0 days 00:15:19.900000,,,0 days 00:00:46.311000,0 days 00:00:38.650000,,0 days 00:16:37.085000,0 days 00:17:15.669000,234.0,271.0,224.0,291.0,False,SOFT,1.0,True,McLaren,0 days 00:15:19.900000,2022-11-19 14:04:49.052,1,,False,,False,False
110,0 days 00:18:41.251000,NOR,4,85.582,2.0,1.0,,,0 days 00:00:17.540000,0 days 00:00:36.862000,0 days 00:00:31.180000,0 days 00:17:33.209000,0 days 00:18:10.071000,0 days 00:18:41.251000,283.0,314.0,215.0,317.0,True,SOFT,2.0,True,McLaren,0 days 00:17:15.669000,2022-11-19 14:06:44.821,1,,False,,False,True
111,0 days 00:20:42.041000,NOR,4,120.79,3.0,1.0,,0 days 00:20:40.962000,0 days 00:00:21.630000,0 days 00:00:50.711000,0 days 00:00:48.449000,0 days 00:19:02.881000,0 days 00:19:53.592000,0 days 00:20:42.041000,188.0,118.0,,113.0,False,SOFT,3.0,True,McLaren,0 days 00:18:41.251000,2022-11-19 14:08:10.403,2,,False,,False,False
112,0 days 00:27:44.283000,NOR,4,,4.0,2.0,0 days 00:24:57.590000,,,0 days 00:00:47.505000,0 days 00:01:22.740000,,0 days 00:26:21.585000,0 days 00:27:44.470000,244.0,278.0,220.0,228.0,False,SOFT,4.0,False,McLaren,0 days 00:20:42.041000,2022-11-19 14:10:11.193,1,,False,,False,False
113,0 days 00:29:09.670000,NOR,4,85.387,5.0,2.0,,,0 days 00:00:17.614000,0 days 00:00:36.738000,0 days 00:00:31.035000,0 days 00:28:01.897000,0 days 00:28:38.635000,0 days 00:29:09.670000,286.0,315.0,216.0,317.0,True,SOFT,5.0,False,McLaren,0 days 00:27:44.283000,2022-11-19 14:17:13.435,1,,False,,False,True
114,0 days 00:30:58.251000,NOR,4,108.581,6.0,2.0,,0 days 00:30:57.186000,0 days 00:00:20.844000,0 days 00:00:47.107000,0 days 00:00:40.630000,0 days 00:29:30.514000,0 days 00:30:17.621000,0 days 00:30:58.251000,229.0,197.0,,185.0,False,SOFT,6.0,False,McLaren,0 days 00:29:09.670000,2022-11-19 14:18:38.822,1,,False,,False,False
115,0 days 00:40:41.515000,NOR,4,,7.0,3.0,0 days 00:38:37.601000,,,0 days 00:00:45.806000,0 days 00:00:56.825000,,0 days 00:39:44.727000,0 days 00:40:41.515000,257.0,279.0,218.0,265.0,False,SOFT,1.0,True,McLaren,0 days 00:30:58.251000,2022-11-19 14:20:27.403,1,,False,,False,False
116,0 days 00:42:06.644000,NOR,4,85.129,8.0,3.0,,,0 days 00:00:17.433000,0 days 00:00:36.705000,0 days 00:00:30.991000,0 days 00:40:58.948000,0 days 00:41:35.653000,0 days 00:42:06.644000,285.0,318.0,216.0,321.0,True,SOFT,2.0,True,McLaren,0 days 00:40:41.515000,2022-11-19 14:30:10.667,1,,False,,False,True
117,0 days 00:43:52.340000,NOR,4,105.696,9.0,3.0,,0 days 00:43:51.223000,0 days 00:00:20.639000,0 days 00:00:43.549000,0 days 00:00:41.508000,0 days 00:42:27.283000,0 days 00:43:10.832000,0 days 00:43:52.340000,241.0,220.0,,216.0,False,SOFT,3.0,True,McLaren,0 days 00:42:06.644000,2022-11-19 14:31:35.796,1,,False,,False,False
118,0 days 00:49:21.413000,NOR,4,,10.0,4.0,0 days 00:47:24.090000,,,0 days 00:00:53.512000,0 days 00:00:40.557000,,0 days 00:48:40.892000,0 days 00:49:21.577000,195.0,239.0,223.0,246.0,False,SOFT,1.0,True,McLaren,0 days 00:43:52.340000,2022-11-19 14:33:21.492,1,,False,,False,False
119,0 days 00:50:46.316000,NOR,4,84.903,11.0,4.0,,,0 days 00:00:17.389000,0 days 00:00:36.484000,0 days 00:00:31.030000,0 days 00:49:38.802000,0 days 00:50:15.286000,0 days 00:50:46.316000,286.0,319.0,217.0,322.0,True,SOFT,2.0,True,McLaren,0 days 00:49:21.413000,2022-11-19 14:38:50.565,1,,False,,False,True
120,0 days 00:52:34.996000,NOR,4,108.68,12.0,4.0,,0 days 00:52:33.873000,0 days 00:00:21.145000,0 days 00:00:45.868000,0 days 00:00:41.667000,0 days 00:51:07.461000,0 days 00:51:53.329000,0 days 00:52:34.996000,224.0,214.0,,200.0,False,SOFT,3.0,True,McLaren,0 days 00:50:46.316000,2022-11-19 14:40:15.468,1,,False,,False,False
121,0 days 01:01:09.809000,NOR,4,,13.0,5.0,0 days 00:59:18.952000,,,0 days 00:00:44.774000,0 days 00:00:45.238000,,0 days 01:00:24.580000,0 days 01:01:09.809000,255.0,263.0,224.0,223.0,False,SOFT,4.0,False,McLaren,0 days 00:52:34.996000,2022-11-19 14:42:04.148,1,,False,,False,False
122,0 days 01:02:51.257000,NOR,4,101.448,14.0,5.0,,0 days 01:02:50.126000,0 days 00:00:17.472000,0 days 00:00:45.184000,0 days 00:00:38.792000,0 days 01:01:27.281000,0 days 01:02:12.465000,0 days 01:02:51.257000,286.0,227.0,,222.0,False,SOFT,5.0,False,McLaren,0 days 01:01:09.809000,2022-11-19 14:50:38.961,1,,False,,False,False
123,0 days 01:08:49.003000,NOR,4,,15.0,6.0,0 days 01:06:33.182000,,,0 days 00:00:54.239000,0 days 00:00:57.994000,,0 days 01:07:51.089000,0 days 01:08:49.157000,246.0,126.0,224.0,207.0,False,SOFT,1.0,True,McLaren,0 days 01:02:51.257000,2022-11-19 14:52:20.409,1,,False,,False,False
124,0 days 01:10:13.772000,NOR,4,84.769,16.0,6.0,,,0 days 00:00:17.421000,0 days 00:00:36.498000,0 days 00:00:30.850000,0 days 01:09:06.424000,0 days 01:09:42.922000,0 days 01:10:13.772000,286.0,319.0,217.0,321.0,True,SOFT,2.0,True,McLaren,0 days 01:08:49.003000,2022-11-19 14:58:18.155,1,,False,,False,True
125,0 days 01:12:07.751000,NOR,4,113.979,17.0,6.0,,0 days 01:12:05.813000,0 days 00:00:20.486000,0 days 00:00:49.888000,0 days 00:00:43.605000,0 days 01:10:34.258000,0 days 01:11:24.146000,0 days 01:12:07.751000,222.0,192.0,,189.0,False,SOFT,3.0,True,McLaren,0 days 01:10:13.772000,2022-11-19 14:59:42.924,1,,False,,False,False
126,0 days 00:18:13.387000,OCO,31,,1.0,1.0,0 days 00:16:20.280000,,,0 days 00:00:44.363000,0 days 00:00:45.120000,,0 days 00:17:28.281000,0 days 00:18:13.403000,238.0,133.0,222.0,300.0,False,SOFT,1.0,True,Alpine,0 days 00:16:20.280000,2022-11-19 14:05:49.432,1,,False,,False,False
127,0 days 00:19:39.122000,OCO,31,85.735,2.0,1.0,,,0 days 00:00:17.650000,0 days 00:00:36.882000,0 days 00:00:31.203000,0 days 00:18:31.037000,0 days 00:19:07.919000,0 days 00:19:39.122000,289.0,317.0,219.0,323.0,True,SOFT,2.0,True,Alpine,0 days 00:18:13.387000,2022-11-19 14:07:42.539,2,,False,,False,True
128,0 days 00:21:35.448000,OCO,31,116.326,3.0,1.0,,0 days 00:21:34.329000,0 days 00:00:23.982000,0 days 00:00:49.308000,0 days 00:00:43.036000,0 days 00:20:03.104000,0 days 00:20:52.412000,0 days 00:21:35.448000,204.0,201.0,,232.0,False,SOFT,3.0,True,Alpine,0 days 00:19:39.122000,2022-11-19 14:09:08.274,1,,False,,False,False
129,0 days 00:28:16.802000,OCO,31,,4.0,2.0,0 days 00:25:45.907000,,,0 days 00:00:43.090000,0 days 00:01:24.548000,,0 days 00:26:52.254000,0 days 00:28:16.944000,244.0,262.0,215.0,303.0,False,SOFT,1.0,True,Alpine,0 days 00:21:35.448000,2022-11-19 14:11:04.600,1,,False,,False,False
130,0 days 00:29:56.461000,OCO,31,99.659,5.0,2.0,,0 days 00:29:55.307000,0 days 00:00:17.655000,0 days 00:00:36.677000,0 days 00:00:45.327000,0 days 00:28:34.457000,0 days 00:29:11.134000,0 days 00:29:56.461000,291.0,321.0,,323.0,False,SOFT,2.0,True,Alpine,0 days 00:28:16.802000,2022-11-19 14:17:45.954,1,,False,,False,False
131,0 days 00:40:06.241000,OCO,31,,6.0,3.0,0 days 00:38:01.839000,,,0 days 00:00:44.579000,0 days 00:00:46.628000,,0 days 00:39:19.674000,0 days 00:40:06.262000,240.0,247.0,222.0,295.0,False,SOFT,3.0,False,Alpine,0 days 00:29:56.461000,2022-11-19 14:19:25.613,1,,False,,False,False
132,0 days 00:41:31.752000,OCO,31,85.511,7.0,3.0,,,0 days 00:00:17.592000,0 days 00:00:36.830000,0 days 00:00:31.089000,0 days 00:40:23.833000,0 days 00:41:00.663000,0 days 00:41:31.752000,289.0,318.0,218.0,323.0,True,SOFT,4.0,False,Alpine,0 days 00:40:06.241000,2022-11-19 14:29:35.393,1,,False,,False,True
133,0 days 00:43:24.800000,OCO,31,113.048,8.0,3.0,,0 days 00:43:23.702000,0 days 00:00:20.965000,0 days 00:00:48.022000,0 days 00:00:44.061000,0 days 00:41:52.717000,0 days 00:42:40.739000,0 days 00:43:24.800000,235.0,188.0,,218.0,False,SOFT,5.0,False,Alpine,0 days 00:41:31.752000,2022-11-19 14:31:00.904,1,,False,,False,False
134,0 days 00:48:47.611000,OCO,31,,9.0,4.0,0 days 00:46:29.810000,,,0 days 00:00:42.239000,0 days 00:00:59.584000,,0 days 00:47:48.032000,0 days 00:48:47.769000,248.0,275.0,222.0,307.0,False,SOFT,1.0,True,Alpine,0 days 00:43:24.800000,2022-11-19 14:32:53.952,1,,False,,False,False
135,0 days 00:50:12.618000,OCO,31,85.007,10.0,4.0,,,0 days 00:00:17.584000,0 days 00:00:36.543000,0 days 00:00:30.880000,0 days 00:49:05.195000,0 days 00:49:41.738000,0 days 00:50:12.618000,290.0,318.0,218.0,324.0,True,SOFT,2.0,True,Alpine,0 days 00:48:47.611000,2022-11-19 14:38:16.763,1,,False,,False,True
136,0 days 00:52:06.758000,OCO,31,114.14,11.0,4.0,,0 days 00:52:05.623000,0 days 00:00:21.105000,0 days 00:00:47.036000,0 days 00:00:45.999000,0 days 00:50:33.723000,0 days 00:51:20.759000,0 days 00:52:06.758000,236.0,192.0,,239.0,False,SOFT,3.0,True,Alpine,0 days 00:50:12.618000,2022-11-19 14:39:41.770,1,,False,,False,False
137,0 days 01:01:05.239000,OCO,31,,12.0,5.0,0 days 00:59:08.146000,,,0 days 00:00:44.093000,0 days 00:00:50.851000,,0 days 01:00:14.471000,0 days 01:01:05.250000,244.0,286.0,222.0,288.0,False,SOFT,4.0,False,Alpine,0 days 00:52:06.758000,2022-11-19 14:41:35.910,1,,False,,False,False
138,0 days 01:02:30.780000,OCO,31,85.541,13.0,5.0,,,0 days 00:00:17.554000,0 days 00:00:36.810000,0 days 00:00:31.177000,0 days 01:01:22.793000,0 days 01:01:59.603000,0 days 01:02:30.780000,288.0,319.0,218.0,323.0,True,SOFT,5.0,False,Alpine,0 days 01:01:05.239000,2022-11-19 14:50:34.391,1,,False,,False,True
139,0 days 01:04:22.754000,OCO,31,111.974,14.0,5.0,,0 days 01:04:21.639000,0 days 00:00:20.884000,0 days 00:00:48.377000,0 days 00:00:42.713000,0 days 01:02:51.664000,0 days 01:03:40.041000,0 days 01:04:22.754000,230.0,196.0,,208.0,False,SOFT,6.0,False,Alpine,0 days 01:02:30.780000,2022-11-19 14:51:59.932,1,,False,,False,False
140,0 days 01:08:44.982000,OCO,31,,15.0,6.0,0 days 01:06:37.372000,,,0 days 00:00:43.056000,0 days 00:00:54.193000,,0 days 01:07:50.854000,0 days 01:08:45.160000,249.0,268.0,223.0,300.0,False,SOFT,1.0,True,Alpine,0 days 01:04:22.754000,2022-11-19 14:53:51.906,1,,False,,False,False
141,0 days 01:10:09.812000,OCO,31,84.83,16.0,6.0,,,0 days 00:00:17.468000,0 days 00:00:36.490000,0 days 00:00:30.872000,0 days 01:09:02.450000,0 days 01:09:38.940000,0 days 01:10:09.812000,289.0,318.0,219.0,323.0,True,SOFT,2.0,True,Alpine,0 days 01:08:44.982000,2022-11-19 14:58:14.134,1,,False,,False,True
142,0 days 01:12:04.890000,OCO,31,115.078,17.0,6.0,,0 days 01:12:02.514000,0 days 00:00:21.065000,0 days 00:00:48.718000,0 days 00:00:45.295000,0 days 01:10:30.877000,0 days 01:11:19.595000,0 days 01:12:04.890000,207.0,201.0,,197.0,False,SOFT,3.0,True,Alpine,0 days 01:10:09.812000,2022-11-19 14:59:38.964,1,,False,,False,False
143,0 days 00:12:54.414000,VET,5,,1.0,1.0,0 days 00:10:47.377000,,,0 days 00:00:43.123000,0 days 00:00:57.560000,,0 days 00:11:56.887000,0 days 00:12:54.447000,256.0,238.0,221.0,239.0,False,SOFT,1.0,True,Aston Martin,0 days 00:10:47.377000,2022-11-19 14:00:16.529,1,,False,,False,False
144,0 days 00:14:20.699000,VET,5,86.285,2.0,1.0,,,0 days 00:00:17.704000,0 days 00:00:37.228000,0 days 00:00:31.353000,0 days 00:13:12.118000,0 days 00:13:49.346000,0 days 00:14:20.699000,285.0,311.0,216.0,310.0,True,SOFT,2.0,True,Aston Martin,0 days 00:12:54.414000,2022-11-19 14:02:23.566,1,,False,,False,True
145,0 days 00:16:44.054000,VET,5,143.355,3.0,1.0,,,0 days 00:00:24.858000,0 days 00:01:02.552000,0 days 00:00:55.945000,0 days 00:14:45.557000,0 days 00:15:48.109000,0 days 00:16:44.054000,161.0,188.0,160.0,155.0,False,SOFT,3.0,True,Aston Martin,0 days 00:14:20.699000,2022-11-19 14:03:49.851,1,,False,,False,True
146,0 days 00:18:53.201000,VET,5,129.147,4.0,1.0,,,0 days 00:00:23.915000,0 days 00:00:49.697000,0 days 00:00:55.535000,0 days 00:17:07.969000,0 days 00:17:57.666000,0 days 00:18:53.201000,246.0,239.0,220.0,218.0,False,SOFT,4.0,True,Aston Martin,0 days 00:16:44.054000,2022-11-19 14:06:13.206,1,,False,,False,True
147,0 days 00:20:19.461000,VET,5,86.26,5.0,1.0,,,0 days 00:00:17.692000,0 days 00:00:37.079000,0 days 00:00:31.489000,0 days 00:19:10.893000,0 days 00:19:47.972000,0 days 00:20:19.461000,285.0,311.0,215.0,319.0,True,SOFT,5.0,True,Aston Martin,0 days 00:18:53.201000,2022-11-19 14:08:22.353,2,,False,,False,True
148,0 days 00:22:06.283000,VET,5,106.822,6.0,1.0,,0 days 00:22:05.155000,0 days 00:00:20.367000,0 days 00:00:41.618000,0 days 00:00:44.837000,0 days 00:20:39.828000,0 days 00:21:21.446000,0 days 00:22:06.283000,254.0,219.0,,266.0,False,SOFT,6.0,True,Aston Martin,0 days 00:20:19.461000,2022-11-19 14:09:48.613,1,,False,,False,False
149,0 days 00:26:36.537000,VET,5,,7.0,2.0,0 days 00:24:45.424000,,,0 days 00:00:40.277000,0 days 00:00:44.857000,,0 days 00:25:51.744000,0 days 00:26:36.719000,259.0,273.0,224.0,271.0,False,SOFT,1.0,True,Aston Martin,0 days 00:22:06.283000,2022-11-19 14:11:35.435,1,,False,,False,False
150,0 days 00:28:02.060000,VET,5,85.523,8.0,2.0,,,0 days 00:00:17.532000,0 days 00:00:36.872000,0 days 00:00:31.119000,0 days 00:26:54.069000,0 days 00:27:30.941000,0 days 00:28:02.060000,286.0,311.0,218.0,312.0,True,SOFT,2.0,True,Aston Martin,0 days 00:26:36.537000,2022-11-19 14:16:05.689,1,,False,,False,True
151,0 days 00:30:05.170000,VET,5,123.11,9.0,2.0,,0 days 00:30:04.022000,0 days 00:00:31.457000,0 days 00:00:46.708000,0 days 00:00:44.945000,0 days 00:28:33.517000,0 days 00:29:20.225000,0 days 00:30:05.170000,163.0,212.0,,234.0,False,SOFT,3.0,True,Aston Martin,0 days 00:28:02.060000,2022-11-19 14:17:31.212,1,,False,,False,False
152,0 days 00:39:41.458000,VET,5,,10.0,3.0,0 days 00:37:53.037000,,,0 days 00:00:43.399000,0 days 00:00:43.405000,,0 days 00:38:58.068000,0 days 00:39:41.483000,257.0,256.0,224.0,246.0,False,SOFT,4.0,False,Aston Martin,0 days 00:30:05.170000,2022-11-19 14:19:34.322,1,,False,,False,False
153,0 days 00:41:07.119000,VET,5,85.661,11.0,3.0,,,0 days 00:00:17.467000,0 days 00:00:36.983000,0 days 00:00:31.211000,0 days 00:39:58.925000,0 days 00:40:35.908000,0 days 00:41:07.119000,286.0,313.0,215.0,314.0,True,SOFT,5.0,False,Aston Martin,0 days 00:39:41.458000,2022-11-19 14:29:10.610,1,,False,,False,True
154,0 days 00:42:53.598000,VET,5,106.479,12.0,3.0,,0 days 00:42:52.436000,0 days 00:00:22.788000,0 days 00:00:42.606000,0 days 00:00:41.085000,0 days 00:41:29.907000,0 days 00:42:12.513000,0 days 00:42:53.598000,236.0,212.0,,245.0,False,SOFT,6.0,False,Aston Martin,0 days 00:41:07.119000,2022-11-19 14:30:36.271,1,,False,,False,False
155,0 days 00:48:09.418000,VET,5,,13.0,4.0,0 days 00:46:23.938000,,,0 days 00:00:41.474000,0 days 00:00:42.639000,,0 days 00:47:26.816000,0 days 00:48:09.577000,262.0,285.0,226.0,272.0,False,SOFT,1.0,True,Aston Martin,0 days 00:42:53.598000,2022-11-19 14:32:22.750,1,,False,,False,False
156,0 days 00:49:34.392000,VET,5,84.974,14.0,4.0,,,0 days 00:00:17.391000,0 days 00:00:36.511000,0 days 00:00:31.072000,0 days 00:48:26.809000,0 days 00:49:03.320000,0 days 00:49:34.392000,287.0,315.0,215.0,315.0,True,SOFT,2.0,True,Aston Martin,0 days 00:48:09.418000,2022-11-19 14:37:38.570,1,,False,,False,True
157,0 days 00:51:24.329000,VET,5,109.937,15.0,4.0,,0 days 00:51:23.195000,0 days 00:00:20.929000,0 days 00:00:46.896000,0 days 00:00:42.112000,0 days 00:49:55.321000,0 days 00:50:42.217000,0 days 00:51:24.329000,252.0,175.0,,209.0,False,SOFT,3.0,True,Aston Martin,0 days 00:49:34.392000,2022-11-19 14:39:03.544,1,,False,,False,False
158,0 days 01:04:50.679000,VET,5,,16.0,5.0,0 days 01:03:05.907000,,,0 days 00:00:42.696000,0 days 00:00:41.746000,,0 days 01:04:08.971000,0 days 01:04:50.868000,257.0,238.0,225.0,274.0,False,SOFT,1.0,True,Aston Martin,0 days 00:51:24.329000,2022-11-19 14:40:53.481,1,,False,,False,False
159,0 days 01:06:15.640000,VET,5,84.961,17.0,5.0,,,0 days 00:00:17.411000,0 days 00:00:36.723000,0 days 00:00:30.827000,0 days 01:05:08.090000,0 days 01:05:44.813000,0 days 01:06:15.640000,285.0,314.0,218.0,313.0,True,SOFT,2.0,True,Aston Martin,0 days 01:04:50.679000,2022-11-19 14:54:19.831,1,,False,,False,True
160,0 days 01:08:07.878000,VET,5,112.238,18.0,5.0,,0 days 01:08:06.748000,0 days 00:00:21.154000,0 days 00:00:45.686000,0 days 00:00:45.398000,0 days 01:06:36.794000,0 days 01:07:22.480000,0 days 01:08:07.878000,251.0,199.0,,205.0,False,SOFT,3.0,True,Aston Martin,0 days 01:06:15.640000,2022-11-19 14:55:44.792,1,,False,,False,False
161,0 days 00:17:30.960000,RIC,3,,1.0,1.0,0 days 00:15:37.315000,,,0 days 00:00:48.290000,0 days 00:00:41.052000,,0 days 00:16:49.987000,0 days 00:17:30.960000,241.0,268.0,221.0,231.0,False,SOFT,1.0,True,McLaren,0 days 00:15:37.315000,2022-11-19 14:05:06.467,1,,False,,False,False
162,0 days 00:18:56.730000,RIC,3,85.77,2.0,1.0,,,0 days 00:00:17.615000,0 days 00:00:36.874000,0 days 00:00:31.281000,0 days 00:17:48.575000,0 days 00:18:25.449000,0 days 00:18:56.730000,286.0,314.0,217.0,314.0,True,SOFT,2.0,True,McLaren,0 days 00:17:30.960000,2022-11-19 14:07:00.112,1,,False,,False,True
163,0 days 00:20:50.406000,RIC,3,113.676,3.0,1.0,,0 days 00:20:49.302000,0 days 00:00:22.171000,0 days 00:00:49.273000,0 days 00:00:42.232000,0 days 00:19:18.901000,0 days 00:20:08.174000,0 days 00:20:50.406000,209.0,256.0,,256.0,False,SOFT,3.0,True,McLaren,0 days 00:18:56.730000,2022-11-19 14:08:25.882,2,,False,,False,False
164,0 days 00:28:01.104000,RIC,3,,4.0,2.0,0 days 00:25:07.872000,,,0 days 00:00:47.846000,0 days 00:01:23.341000,,0 days 00:26:37.763000,0 days 00:28:01.262000,251.0,264.0,219.0,223.0,False,SOFT,1.0,True,McLaren,0 days 00:20:50.406000,2022-11-19 14:10:19.558,1,,False,,False,False
165,0 days 00:29:26.870000,RIC,3,85.766,5.0,2.0,,,0 days 00:00:17.934000,0 days 00:00:36.670000,0 days 00:00:31.162000,0 days 00:28:19.038000,0 days 00:28:55.708000,0 days 00:29:26.870000,287.0,319.0,214.0,318.0,True,SOFT,2.0,True,McLaren,0 days 00:28:01.104000,2022-11-19 14:17:30.256,1,,False,,False,True
166,0 days 00:31:24.116000,RIC,3,117.246,6.0,2.0,,0 days 00:31:22.992000,0 days 00:00:24.131000,0 days 00:00:47.397000,0 days 00:00:45.718000,0 days 00:29:51.001000,0 days 00:30:38.398000,0 days 00:31:24.116000,242.0,223.0,,225.0,False,SOFT,3.0,True,McLaren,0 days 00:29:26.870000,2022-11-19 14:18:56.022,1,,False,,False,False
167,0 days 00:41:00.730000,RIC,3,,7.0,3.0,0 days 00:39:07.448000,,,0 days 00:00:45.379000,0 days 00:00:44.177000,,0 days 00:40:16.591000,0 days 00:41:00.748000,247.0,251.0,222.0,254.0,False,SOFT,4.0,False,McLaren,0 days 00:31:24.116000,2022-11-19 14:20:53.268,1,,False,,False,False
168,0 days 00:42:26.596000,RIC,3,85.866,8.0,3.0,,,0 days 00:00:17.653000,0 days 00:00:36.988000,0 days 00:00:31.225000,0 days 00:41:18.383000,0 days 00:41:55.371000,0 days 00:42:26.596000,286.0,317.0,216.0,318.0,True,SOFT,5.0,False,McLaren,0 days 00:41:00.730000,2022-11-19 14:30:29.882,1,,False,,False,True
169,0 days 00:44:08.098000,RIC,3,101.502,9.0,3.0,,0 days 00:44:06.984000,0 days 00:00:19.783000,0 days 00:00:42.298000,0 days 00:00:39.421000,0 days 00:42:46.379000,0 days 00:43:28.677000,0 days 00:44:08.098000,261.0,224.0,,234.0,False,SOFT,6.0,False,McLaren,0 days 00:42:26.596000,2022-11-19 14:31:55.748,1,,False,,False,False
170,0 days 00:48:54.148000,RIC,3,,10.0,4.0,0 days 00:46:34.665000,,,0 days 00:00:43.211000,0 days 00:00:51.654000,,0 days 00:48:02.562000,0 days 00:48:54.314000,262.0,271.0,225.0,275.0,False,SOFT,1.0,True,McLaren,0 days 00:44:08.098000,2022-11-19 14:33:37.250,1,,False,,False,False
171,0 days 00:50:19.216000,RIC,3,85.068,11.0,4.0,,,0 days 00:00:17.522000,0 days 00:00:36.542000,0 days 00:00:31.004000,0 days 00:49:11.670000,0 days 00:49:48.212000,0 days 00:50:19.216000,288.0,318.0,217.0,318.0,True,SOFT,2.0,True,McLaren,0 days 00:48:54.148000,2022-11-19 14:38:23.300,1,,False,,False,True
172,0 days 00:52:12.893000,RIC,3,113.677,12.0,4.0,,0 days 00:52:11.760000,0 days 00:00:23.712000,0 days 00:00:45.720000,0 days 00:00:44.245000,0 days 00:50:42.928000,0 days 00:51:28.648000,0 days 00:52:12.893000,245.0,225.0,,208.0,False,SOFT,3.0,True,McLaren,0 days 00:50:19.216000,2022-11-19 14:39:48.368,1,,False,,False,False
173,0 days 01:05:40.817000,RIC,3,,13.0,5.0,0 days 01:03:54.818000,,,0 days 00:00:45.072000,0 days 00:00:37.788000,,0 days 01:05:03.248000,0 days 01:05:41.002000,252.0,252.0,225.0,257.0,False,SOFT,1.0,True,McLaren,0 days 00:52:12.893000,2022-11-19 14:41:42.045,1,,False,,False,False
174,0 days 01:07:05.862000,RIC,3,85.045,14.0,5.0,,,0 days 00:00:17.485000,0 days 00:00:36.666000,0 days 00:00:30.894000,0 days 01:05:58.302000,0 days 01:06:34.968000,0 days 01:07:05.862000,287.0,314.0,218.0,317.0,True,SOFT,2.0,True,McLaren,0 days 01:05:40.817000,2022-11-19 14:55:09.969,1,,False,,False,True
175,0 days 01:08:51.205000,RIC,3,105.343,15.0,5.0,,0 days 01:08:50.062000,0 days 00:00:20.234000,0 days 00:00:42.965000,0 days 00:00:42.144000,0 days 01:07:26.096000,0 days 01:08:09.061000,0 days 01:08:51.205000,255.0,217.0,,250.0,False,SOFT,3.0,True,McLaren,0 days 01:07:05.862000,2022-11-19 14:56:35.014,1,,False,,False,False
176,0 days 00:20:00.985000,ALO,14,,1.0,1.0,0 days 00:18:09.071000,,,0 days 00:00:45.957000,0 days 00:00:42.245000,,0 days 00:19:18.783000,0 days 00:20:01.168000,216.0,272.0,225.0,280.0,False,SOFT,1.0,True,Alpine,0 days 00:18:09.071000,2022-11-19 14:07:38.223,2,,False,,False,False
177,0 days 00:21:26.901000,ALO,14,85.916,2.0,1.0,,,0 days 00:00:17.448000,0 days 00:00:36.980000,0 days 00:00:31.488000,0 days 00:20:18.433000,0 days 00:20:55.413000,0 days 00:21:26.901000,289.0,321.0,215.0,326.0,True,SOFT,2.0,True,Alpine,0 days 00:20:00.985000,2022-11-19 14:09:30.137,1,,False,,False,True
178,0 days 00:23:20.486000,ALO,14,113.585,3.0,1.0,,0 days 00:23:19.370000,0 days 00:00:21.554000,0 days 00:00:47.179000,0 days 00:00:44.852000,0 days 00:21:48.455000,0 days 00:22:35.634000,0 days 00:23:20.486000,226.0,212.0,,198.0,False,SOFT,3.0,True,Alpine,0 days 00:21:26.901000,2022-11-19 14:10:56.053,1,,False,,False,False
179,0 days 00:28:09.255000,ALO,14,,4.0,2.0,0 days 00:25:28.028000,,,0 days 00:00:48.196000,0 days 00:01:19.014000,,0 days 00:26:50.253000,0 days 00:28:09.405000,214.0,230.0,221.0,299.0,False,SOFT,1.0,True,Alpine,0 days 00:23:20.486000,2022-11-19 14:12:49.638,1,,False,,False,False
180,0 days 00:29:35.037000,ALO,14,85.782,5.0,2.0,,,0 days 00:00:17.600000,0 days 00:00:37.025000,0 days 00:00:31.157000,0 days 00:28:26.855000,0 days 00:29:03.880000,0 days 00:29:35.037000,290.0,321.0,216.0,327.0,True,SOFT,2.0,True,Alpine,0 days 00:28:09.255000,2022-11-19 14:17:38.407,1,,False,,False,True
181,0 days 00:31:31.785000,ALO,14,116.748,6.0,2.0,,0 days 00:31:30.648000,0 days 00:00:24.295000,0 days 00:00:48.459000,0 days 00:00:43.994000,0 days 00:29:59.332000,0 days 00:30:47.791000,0 days 00:31:31.785000,159.0,227.0,,192.0,False,SOFT,3.0,True,Alpine,0 days 00:29:35.037000,2022-11-19 14:19:04.189,1,,False,,False,False
182,0 days 00:40:21.936000,ALO,14,,7.0,3.0,0 days 00:38:11.474000,,,0 days 00:00:47.226000,0 days 00:00:50.239000,,0 days 00:39:31.743000,0 days 00:40:21.936000,228.0,223.0,225.0,256.0,False,SOFT,4.0,False,Alpine,0 days 00:31:31.785000,2022-11-19 14:21:00.937,1,,False,,False,False
183,0 days 00:41:47.722000,ALO,14,85.786,8.0,3.0,,,0 days 00:00:17.456000,0 days 00:00:37.045000,0 days 00:00:31.285000,0 days 00:40:39.392000,0 days 00:41:16.437000,0 days 00:41:47.722000,289.0,320.0,217.0,326.0,True,SOFT,5.0,False,Alpine,0 days 00:40:21.936000,2022-11-19 14:29:51.088,1,,False,,False,True
184,0 days 00:43:39.664000,ALO,14,111.942,9.0,3.0,,0 days 00:43:38.558000,0 days 00:00:21.710000,0 days 00:00:46.195000,0 days 00:00:44.037000,0 days 00:42:09.432000,0 days 00:42:55.627000,0 days 00:43:39.664000,178.0,200.0,,199.0,False,SOFT,6.0,False,Alpine,0 days 00:41:47.722000,2022-11-19 14:31:16.874,1,,False,,False,False
185,0 days 00:48:59.286000,ALO,14,,10.0,4.0,0 days 00:46:33.039000,,,0 days 00:00:46.086000,0 days 00:00:54.896000,,0 days 00:48:04.474000,0 days 00:48:59.463000,250.0,104.0,227.0,279.0,False,SOFT,1.0,True,Alpine,0 days 00:43:39.664000,2022-11-19 14:33:08.816,1,,False,,False,False
186,0 days 00:50:24.382000,ALO,14,85.096,11.0,4.0,,,0 days 00:00:17.321000,0 days 00:00:36.722000,0 days 00:00:31.053000,0 days 00:49:16.607000,0 days 00:49:53.329000,0 days 00:50:24.382000,290.0,320.0,218.0,326.0,True,SOFT,2.0,True,Alpine,0 days 00:48:59.286000,2022-11-19 14:38:28.438,1,,False,,False,True
187,0 days 00:52:19.503000,ALO,14,115.121,12.0,4.0,,0 days 00:52:17.652000,0 days 00:00:23.450000,0 days 00:00:49.824000,0 days 00:00:41.847000,0 days 00:50:47.832000,0 days 00:51:37.656000,0 days 00:52:19.503000,173.0,219.0,,172.0,False,SOFT,3.0,True,Alpine,0 days 00:50:24.382000,2022-11-19 14:39:53.534,1,,False,,False,False
188,0 days 00:12:38.630000,TSU,22,,1.0,1.0,0 days 00:10:40.524000,,,0 days 00:00:44.152000,0 days 00:00:42.549000,,0 days 00:11:56.103000,0 days 00:12:38.656000,213.0,261.0,222.0,287.0,False,SOFT,1.0,True,AlphaTauri,0 days 00:10:40.524000,2022-11-19 14:00:09.676,1,,False,,False,False
189,0 days 00:14:04.765000,TSU,22,86.135,2.0,1.0,,,0 days 00:00:17.597000,0 days 00:00:36.977000,0 days 00:00:31.561000,0 days 00:12:56.227000,0 days 00:13:33.204000,0 days 00:14:04.765000,288.0,321.0,217.0,325.0,True,SOFT,2.0,True,AlphaTauri,0 days 00:12:38.630000,2022-11-19 14:02:07.782,1,,False,,False,True
190,0 days 00:15:47.656000,TSU,22,102.891,3.0,1.0,,0 days 00:15:46.524000,0 days 00:00:19.640000,0 days 00:00:41.579000,0 days 00:00:41.672000,0 days 00:14:24.405000,0 days 00:15:05.984000,0 days 00:15:47.656000,263.0,228.0,,288.0,False,SOFT,3.0,True,AlphaTauri,0 days 00:14:04.765000,2022-11-19 14:03:33.917,1,,False,,False,False
191,0 days 00:19:41.675000,TSU,22,,4.0,2.0,0 days 00:17:28.355000,,,0 days 00:00:54.090000,0 days 00:00:48.515000,,0 days 00:18:53.183000,0 days 00:19:41.833000,208.0,279.0,223.0,155.0,False,SOFT,1.0,True,AlphaTauri,0 days 00:15:47.656000,2022-11-19 14:05:16.808,2,,False,,False,False
192,0 days 00:21:07.528000,TSU,22,85.853,5.0,2.0,,,0 days 00:00:17.701000,0 days 00:00:36.720000,0 days 00:00:31.432000,0 days 00:19:59.376000,0 days 00:20:36.096000,0 days 00:21:07.528000,288.0,321.0,218.0,324.0,True,SOFT,2.0,True,AlphaTauri,0 days 00:19:41.675000,2022-11-19 14:09:10.827,1,,False,,False,True
193,0 days 00:22:49.302000,TSU,22,101.774,6.0,2.0,,0 days 00:22:47.709000,0 days 00:00:19.469000,0 days 00:00:41.473000,0 days 00:00:40.832000,0 days 00:21:26.997000,0 days 00:22:08.470000,0 days 00:22:49.302000,262.0,260.0,,288.0,False,SOFT,3.0,True,AlphaTauri,0 days 00:21:07.528000,2022-11-19 14:10:36.680,1,,False,,False,False
194,0 days 00:28:12.976000,TSU,22,,7.0,3.0,0 days 00:25:32.602000,,,0 days 00:00:43.071000,0 days 00:01:21.504000,,0 days 00:26:51.480000,0 days 00:28:13.118000,238.0,232.0,216.0,291.0,False,SOFT,1.0,True,AlphaTauri,0 days 00:22:49.302000,2022-11-19 14:12:18.454,1,,False,,False,False
195,0 days 00:29:38.606000,TSU,22,85.63,8.0,3.0,,,0 days 00:00:17.714000,0 days 00:00:36.593000,0 days 00:00:31.323000,0 days 00:28:30.690000,0 days 00:29:07.283000,0 days 00:29:38.606000,289.0,323.0,217.0,328.0,True,SOFT,2.0,True,AlphaTauri,0 days 00:28:12.976000,2022-11-19 14:17:42.128,1,,False,,False,True
196,0 days 00:31:28.797000,TSU,22,110.191,9.0,3.0,,0 days 00:31:27.652000,0 days 00:00:21.228000,0 days 00:00:43.933000,0 days 00:00:45.030000,0 days 00:29:59.834000,0 days 00:30:43.767000,0 days 00:31:28.797000,236.0,227.0,,250.0,False,SOFT,3.0,True,AlphaTauri,0 days 00:29:38.606000,2022-11-19 14:19:07.758,1,,False,,False,False
197,0 days 00:39:56.109000,TSU,22,,10.0,4.0,0 days 00:37:58.236000,,,0 days 00:00:45.151000,0 days 00:00:44.219000,,0 days 00:39:11.954000,0 days 00:39:56.144000,214.0,273.0,223.0,306.0,False,SOFT,4.0,False,AlphaTauri,0 days 00:31:28.797000,2022-11-19 14:20:57.949,1,,False,,False,False
198,0 days 00:41:21.964000,TSU,22,85.855,11.0,4.0,,,0 days 00:00:17.580000,0 days 00:00:36.780000,0 days 00:00:31.495000,0 days 00:40:13.689000,0 days 00:40:50.469000,0 days 00:41:21.964000,289.0,320.0,215.0,326.0,True,SOFT,5.0,False,AlphaTauri,0 days 00:39:56.109000,2022-11-19 14:29:25.261,1,,False,,False,True
199,0 days 00:43:02.330000,TSU,22,100.366,12.0,4.0,,0 days 00:43:01.251000,0 days 00:00:19.640000,0 days 00:00:41.789000,0 days 00:00:38.937000,0 days 00:41:41.604000,0 days 00:42:23.393000,0 days 00:43:02.330000,260.0,234.0,,284.0,False,SOFT,6.0,False,AlphaTauri,0 days 00:41:21.964000,2022-11-19 14:30:51.116,1,,False,,False,False
200,0 days 00:48:40.140000,TSU,22,,13.0,5.0,0 days 00:46:28.284000,,,0 days 00:00:45.703000,0 days 00:00:54.047000,,0 days 00:47:46.141000,0 days 00:48:40.336000,231.0,280.0,222.0,303.0,False,SOFT,1.0,True,AlphaTauri,0 days 00:43:02.330000,2022-11-19 14:32:31.482,1,,False,,False,False
201,0 days 00:50:05.359000,TSU,22,85.219,14.0,5.0,,,0 days 00:00:17.466000,0 days 00:00:36.639000,0 days 00:00:31.114000,0 days 00:48:57.606000,0 days 00:49:34.245000,0 days 00:50:05.359000,289.0,320.0,218.0,325.0,True,SOFT,2.0,True,AlphaTauri,0 days 00:48:40.140000,2022-11-19 14:38:09.292,1,,False,,False,True
202,0 days 00:52:00.694000,TSU,22,115.335,15.0,5.0,,0 days 00:51:59.571000,0 days 00:00:20.161000,0 days 00:00:46.773000,0 days 00:00:48.401000,0 days 00:50:25.520000,0 days 00:51:12.293000,0 days 00:52:00.694000,223.0,186.0,,250.0,False,SOFT,3.0,True,AlphaTauri,0 days 00:50:05.359000,2022-11-19 14:39:34.511,1,,False,,False,False
203,0 days 00:13:06.401000,MSC,47,,1.0,1.0,0 days 00:10:49.125000,,,0 days 00:00:49.121000,0 days 00:00:58.641000,,0 days 00:12:07.822000,0 days 00:13:06.401000,220.0,272.0,220.0,282.0,False,SOFT,1.0,True,Haas F1 Team,0 days 00:10:49.125000,2022-11-19 14:00:18.277,1,,False,,False,False
204,0 days 00:14:32.666000,MSC,47,86.265,2.0,1.0,,,0 days 00:00:17.828000,0 days 00:00:36.925000,0 days 00:00:31.512000,0 days 00:13:24.229000,0 days 00:14:01.154000,0 days 00:14:32.666000,285.0,320.0,212.0,323.0,True,SOFT,2.0,True,Haas F1 Team,0 days 00:13:06.401000,2022-11-19 14:02:35.553,1,,False,,False,True
205,0 days 00:16:51.201000,MSC,47,138.535,3.0,1.0,,,0 days 00:00:28.794000,0 days 00:00:59.512000,0 days 00:00:50.229000,0 days 00:15:01.460000,0 days 00:16:00.972000,0 days 00:16:51.201000,162.0,176.0,175.0,179.0,False,SOFT,3.0,True,Haas F1 Team,0 days 00:14:32.666000,2022-11-19 14:04:01.818,1,,False,,False,True
206,0 days 00:19:09.290000,MSC,47,138.089,4.0,1.0,,,0 days 00:00:25.367000,0 days 00:00:55.757000,0 days 00:00:56.965000,0 days 00:17:16.568000,0 days 00:18:12.325000,0 days 00:19:09.290000,230.0,148.0,218.0,247.0,False,SOFT,4.0,True,Haas F1 Team,0 days 00:16:51.201000,2022-11-19 14:06:20.353,1,,False,,False,True
207,0 days 00:20:36.295000,MSC,47,87.005,5.0,1.0,,,0 days 00:00:17.973000,0 days 00:00:36.916000,0 days 00:00:32.116000,0 days 00:19:27.263000,0 days 00:20:04.179000,0 days 00:20:36.295000,285.0,320.0,207.0,325.0,False,SOFT,5.0,True,Haas F1 Team,0 days 00:19:09.290000,2022-11-19 14:08:38.442,2,,False,,False,True
208,0 days 00:22:15.835000,MSC,47,99.54,6.0,1.0,,0 days 00:22:14.771000,0 days 00:00:21.794000,0 days 00:00:41.087000,0 days 00:00:36.659000,0 days 00:20:58.089000,0 days 00:21:39.176000,0 days 00:22:15.835000,245.0,279.0,,301.0,False,SOFT,6.0,True,Haas F1 Team,0 days 00:20:36.295000,2022-11-19 14:10:05.447,1,,False,,False,False
209,0 days 00:27:06.516000,MSC,47,,7.0,2.0,0 days 00:24:46.558000,,,0 days 00:00:42.871000,0 days 00:01:06.581000,,0 days 00:25:59.938000,0 days 00:27:06.675000,254.0,227.0,220.0,301.0,False,SOFT,1.0,True,Haas F1 Team,0 days 00:22:15.835000,2022-11-19 14:11:44.987,1,,False,,False,False
210,0 days 00:28:32.227000,MSC,47,85.711,8.0,2.0,,,0 days 00:00:17.790000,0 days 00:00:36.727000,0 days 00:00:31.194000,0 days 00:27:24.306000,0 days 00:28:01.033000,0 days 00:28:32.227000,286.0,318.0,217.0,323.0,True,SOFT,2.0,True,Haas F1 Team,0 days 00:27:06.516000,2022-11-19 14:16:35.668,1,,False,,False,True
211,0 days 00:30:23.311000,MSC,47,111.084,9.0,2.0,,0 days 00:30:22.159000,0 days 00:00:20.882000,0 days 00:00:43.914000,0 days 00:00:46.288000,0 days 00:28:53.109000,0 days 00:29:37.023000,0 days 00:30:23.311000,259.0,218.0,,244.0,False,SOFT,3.0,True,Haas F1 Team,0 days 00:28:32.227000,2022-11-19 14:18:01.379,1,,False,,False,False
212,0 days 00:39:52.241000,MSC,47,,10.0,3.0,0 days 00:37:54.840000,,,0 days 00:00:45.502000,0 days 00:00:46.201000,,0 days 00:39:06.075000,0 days 00:39:52.241000,230.0,212.0,218.0,263.0,False,SOFT,4.0,False,Haas F1 Team,0 days 00:30:23.311000,2022-11-19 14:19:52.463,1,,False,,False,False
213,0 days 00:41:18.280000,MSC,47,86.039,11.0,3.0,,,0 days 00:00:17.789000,0 days 00:00:36.879000,0 days 00:00:31.371000,0 days 00:40:10.030000,0 days 00:40:46.909000,0 days 00:41:18.280000,285.0,316.0,212.0,322.0,True,SOFT,5.0,False,Haas F1 Team,0 days 00:39:52.241000,2022-11-19 14:29:21.393,1,,False,,False,True
214,0 days 00:42:57.087000,MSC,47,98.807,12.0,3.0,,0 days 00:42:55.983000,0 days 00:00:19.598000,0 days 00:00:41.017000,0 days 00:00:38.192000,0 days 00:41:37.878000,0 days 00:42:18.895000,0 days 00:42:57.087000,260.0,283.0,,296.0,False,SOFT,6.0,False,Haas F1 Team,0 days 00:41:18.280000,2022-11-19 14:30:47.432,1,,False,,False,False
215,0 days 00:48:17.445000,MSC,47,,13.0,4.0,0 days 00:46:23.409000,,,0 days 00:00:46.518000,0 days 00:00:45.188000,,0 days 00:47:32.362000,0 days 00:48:17.656000,236.0,231.0,221.0,249.0,False,SOFT,1.0,True,Haas F1 Team,0 days 00:42:57.087000,2022-11-19 14:32:26.239,1,,False,,False,False
216,0 days 00:49:42.670000,MSC,47,85.225,14.0,4.0,,,0 days 00:00:17.536000,0 days 00:00:36.513000,0 days 00:00:31.176000,0 days 00:48:34.981000,0 days 00:49:11.494000,0 days 00:49:42.670000,287.0,318.0,215.0,323.0,True,SOFT,2.0,True,Haas F1 Team,0 days 00:48:17.445000,2022-11-19 14:37:46.597,1,,False,,False,True
217,0 days 00:51:32.451000,MSC,47,109.781,15.0,4.0,,0 days 00:51:31.342000,0 days 00:00:21.231000,0 days 00:00:43.547000,0 days 00:00:45.003000,0 days 00:50:03.901000,0 days 00:50:47.448000,0 days 00:51:32.451000,193.0,213.0,,303.0,False,SOFT,3.0,True,Haas F1 Team,0 days 00:49:42.670000,2022-11-19 14:39:11.822,1,,False,,False,False
218,0 days 00:12:45.268000,STR,18,,1.0,1.0,0 days 00:10:44.489000,,,0 days 00:00:43.706000,0 days 00:00:48.300000,,0 days 00:11:57.030000,0 days 00:12:45.309000,252.0,166.0,220.0,191.0,False,SOFT,1.0,True,Aston Martin,0 days 00:10:44.489000,2022-11-19 14:00:13.641,1,,False,,False,False
219,0 days 00:14:11.544000,STR,18,86.276,2.0,1.0,,,0 days 00:00:17.670000,0 days 00:00:37.145000,0 days 00:00:31.461000,0 days 00:13:02.938000,0 days 00:13:40.083000,0 days 00:14:11.544000,286.0,316.0,215.0,309.0,True,SOFT,2.0,True,Aston Martin,0 days 00:12:45.268000,2022-11-19 14:02:14.420,1,,False,,False,True
220,0 days 00:16:37.791000,STR,18,146.247,3.0,1.0,,,0 days 00:00:28.822000,0 days 00:01:04.051000,0 days 00:00:53.374000,0 days 00:14:40.366000,0 days 00:15:44.417000,0 days 00:16:37.791000,155.0,162.0,167.0,193.0,False,SOFT,3.0,True,Aston Martin,0 days 00:14:11.544000,2022-11-19 14:03:40.696,1,,False,,False,True
221,0 days 00:18:46.784000,STR,18,128.993,4.0,1.0,,,0 days 00:00:27.756000,0 days 00:00:48.266000,0 days 00:00:52.971000,0 days 00:17:05.547000,0 days 00:17:53.813000,0 days 00:18:46.784000,244.0,244.0,220.0,159.0,False,SOFT,4.0,True,Aston Martin,0 days 00:16:37.791000,2022-11-19 14:06:06.943,1,,False,,False,True
222,0 days 00:20:13.026000,STR,18,86.242,5.0,1.0,,,0 days 00:00:17.703000,0 days 00:00:37.135000,0 days 00:00:31.404000,0 days 00:19:04.487000,0 days 00:19:41.622000,0 days 00:20:13.026000,286.0,313.0,218.0,312.0,True,SOFT,5.0,True,Aston Martin,0 days 00:18:46.784000,2022-11-19 14:08:15.936,2,,False,,False,True
223,0 days 00:22:03.443000,STR,18,110.417,6.0,1.0,,0 days 00:22:02.353000,0 days 00:00:21.469000,0 days 00:00:45.884000,0 days 00:00:43.064000,0 days 00:20:34.495000,0 days 00:21:20.379000,0 days 00:22:03.443000,247.0,184.0,,192.0,False,SOFT,6.0,True,Aston Martin,0 days 00:20:13.026000,2022-11-19 14:09:42.178,1,,False,,False,False
224,0 days 00:27:14.901000,STR,18,,7.0,2.0,0 days 00:24:50.496000,,,0 days 00:00:42.601000,0 days 00:01:14.102000,,0 days 00:26:00.817000,0 days 00:27:15.071000,260.0,169.0,220.0,278.0,False,SOFT,1.0,True,Aston Martin,0 days 00:22:03.443000,2022-11-19 14:11:32.595,1,,False,,False,False
225,0 days 00:28:40.642000,STR,18,85.741,8.0,2.0,,,0 days 00:00:17.642000,0 days 00:00:36.883000,0 days 00:00:31.216000,0 days 00:27:32.543000,0 days 00:28:09.426000,0 days 00:28:40.642000,285.0,313.0,217.0,314.0,True,SOFT,2.0,True,Aston Martin,0 days 00:27:14.901000,2022-11-19 14:16:44.053,1,,False,,False,True
226,0 days 00:30:32.784000,STR,18,112.142,9.0,2.0,,0 days 00:30:31.699000,0 days 00:00:20.319000,0 days 00:00:49.197000,0 days 00:00:42.626000,0 days 00:29:00.961000,0 days 00:29:50.158000,0 days 00:30:32.784000,222.0,162.0,,186.0,False,SOFT,3.0,True,Aston Martin,0 days 00:28:40.642000,2022-11-19 14:18:09.794,1,,False,,False,False
227,0 days 00:39:31.434000,STR,18,,10.0,3.0,0 days 00:37:50.530000,,,0 days 00:00:40.603000,0 days 00:00:37.505000,,0 days 00:38:53.993000,0 days 00:39:31.618000,253.0,242.0,221.0,288.0,False,SOFT,4.0,False,Aston Martin,0 days 00:30:32.784000,2022-11-19 14:20:01.936,1,,False,,False,False
228,0 days 00:40:57.430000,STR,18,85.996,11.0,3.0,,,0 days 00:00:17.599000,0 days 00:00:37.018000,0 days 00:00:31.379000,0 days 00:39:49.033000,0 days 00:40:26.051000,0 days 00:40:57.430000,285.0,313.0,217.0,314.0,True,SOFT,5.0,False,Aston Martin,0 days 00:39:31.434000,2022-11-19 14:29:00.586,1,,False,,False,True
229,0 days 00:42:41.801000,STR,18,104.371,12.0,3.0,,0 days 00:42:40.492000,0 days 00:00:21.798000,0 days 00:00:45.089000,0 days 00:00:37.484000,0 days 00:41:19.228000,0 days 00:42:04.317000,0 days 00:42:41.801000,223.0,210.0,,168.0,False,SOFT,6.0,False,Aston Martin,0 days 00:40:57.430000,2022-11-19 14:30:26.582,1,,False,,False,False
230,0 days 00:48:00.425000,STR,18,,13.0,4.0,0 days 00:46:21.237000,,,0 days 00:00:41.378000,0 days 00:00:36.228000,,0 days 00:47:24.213000,0 days 00:48:00.600000,260.0,234.0,221.0,282.0,False,SOFT,1.0,True,Aston Martin,0 days 00:42:41.801000,2022-11-19 14:32:10.953,1,,False,,False,False
231,0 days 00:49:25.784000,STR,18,85.359,14.0,4.0,,,0 days 00:00:17.486000,0 days 00:00:36.729000,0 days 00:00:31.144000,0 days 00:48:17.911000,0 days 00:48:54.640000,0 days 00:49:25.784000,286.0,312.0,219.0,314.0,True,SOFT,2.0,True,Aston Martin,0 days 00:48:00.425000,2022-11-19 14:37:29.577,1,,False,,False,True
232,0 days 00:51:09.232000,STR,18,103.448,15.0,4.0,,0 days 00:51:08.088000,0 days 00:00:22.340000,0 days 00:00:43.221000,0 days 00:00:37.887000,0 days 00:49:48.124000,0 days 00:50:31.345000,0 days 00:51:09.232000,201.0,211.0,,266.0,False,SOFT,3.0,True,Aston Martin,0 days 00:49:25.784000,2022-11-19 14:38:54.936,1,,False,,False,False
233,0 days 00:17:47.516000,ZHO,24,,1.0,1.0,0 days 00:15:42.084000,,,0 days 00:00:48.441000,0 days 00:00:51.579000,,0 days 00:16:55.982000,0 days 00:17:47.516000,235.0,203.0,219.0,220.0,False,SOFT,1.0,True,Alfa Romeo,0 days 00:15:42.084000,2022-11-19 14:05:11.236,1,,False,,False,False
234,0 days 00:19:13.715000,ZHO,24,86.199,2.0,1.0,,,0 days 00:00:17.772000,0 days 00:00:37.050000,0 days 00:00:31.377000,0 days 00:18:05.288000,0 days 00:18:42.338000,0 days 00:19:13.715000,283.0,313.0,215.0,318.0,True,SOFT,2.0,True,Alfa Romeo,0 days 00:17:47.516000,2022-11-19 14:07:16.668,2,,False,,False,True
235,0 days 00:21:21.701000,ZHO,24,127.986,3.0,1.0,,0 days 00:21:20.474000,0 days 00:00:23.404000,0 days 00:00:59.892000,0 days 00:00:44.690000,0 days 00:19:37.119000,0 days 00:20:37.011000,0 days 00:21:21.701000,232.0,192.0,,130.0,False,SOFT,3.0,True,Alfa Romeo,0 days 00:19:13.715000,2022-11-19 14:08:42.867,2,,False,,False,False
236,0 days 00:26:56.220000,ZHO,24,,4.0,2.0,0 days 00:24:43.859000,,,0 days 00:00:43.611000,0 days 00:01:01.336000,,0 days 00:25:54.931000,0 days 00:26:56.422000,252.0,251.0,221.0,262.0,False,SOFT,1.0,True,Alfa Romeo,0 days 00:21:21.701000,2022-11-19 14:10:50.853,1,,False,,False,False
237,0 days 00:28:21.814000,ZHO,24,85.594,5.0,2.0,,,0 days 00:00:17.633000,0 days 00:00:36.805000,0 days 00:00:31.156000,0 days 00:27:13.853000,0 days 00:27:50.658000,0 days 00:28:21.814000,284.0,316.0,216.0,321.0,True,SOFT,2.0,True,Alfa Romeo,0 days 00:26:56.220000,2022-11-19 14:16:25.372,1,,False,,False,True
238,0 days 00:30:16.939000,ZHO,24,115.125,6.0,2.0,,0 days 00:30:15.796000,0 days 00:00:24.872000,0 days 00:00:46.691000,0 days 00:00:43.562000,0 days 00:28:46.686000,0 days 00:29:33.377000,0 days 00:30:16.939000,235.0,205.0,,237.0,False,SOFT,3.0,True,Alfa Romeo,0 days 00:28:21.814000,2022-11-19 14:17:50.966,1,,False,,False,False
239,0 days 00:40:16.978000,ZHO,24,,7.0,3.0,0 days 00:38:00.504000,,,0 days 00:00:52.359000,0 days 00:00:53.447000,,0 days 00:39:23.590000,0 days 00:40:17.020000,248.0,257.0,220.0,184.0,False,SOFT,4.0,False,Alfa Romeo,0 days 00:30:16.939000,2022-11-19 14:19:46.091,1,,False,,False,False
240,0 days 00:41:43.345000,ZHO,24,86.367,8.0,3.0,,,0 days 00:00:17.788000,0 days 00:00:37.087000,0 days 00:00:31.492000,0 days 00:40:34.766000,0 days 00:41:11.853000,0 days 00:41:43.345000,283.0,314.0,217.0,319.0,True,SOFT,5.0,False,Alfa Romeo,0 days 00:40:16.978000,2022-11-19 14:29:46.130,1,,False,,False,True
241,0 days 00:43:32.919000,ZHO,24,109.574,9.0,3.0,,0 days 00:43:31.819000,0 days 00:00:21.729000,0 days 00:00:44.763000,0 days 00:00:43.082000,0 days 00:42:05.074000,0 days 00:42:49.837000,0 days 00:43:32.919000,223.0,221.0,,250.0,False,SOFT,6.0,False,Alfa Romeo,0 days 00:41:43.345000,2022-11-19 14:31:12.497,1,,False,,False,False
242,0 days 00:48:33.847000,ZHO,24,,10.0,4.0,0 days 00:46:25.472000,,,0 days 00:00:46.942000,0 days 00:00:52.028000,,0 days 00:47:41.828000,0 days 00:48:33.993000,247.0,264.0,221.0,271.0,False,SOFT,1.0,True,Alfa Romeo,0 days 00:43:32.919000,2022-11-19 14:33:02.071,1,,False,,False,False
243,0 days 00:49:59.255000,ZHO,24,85.408,11.0,4.0,,,0 days 00:00:17.580000,0 days 00:00:36.711000,0 days 00:00:31.117000,0 days 00:48:51.427000,0 days 00:49:28.138000,0 days 00:49:59.255000,285.0,315.0,216.0,322.0,True,SOFT,2.0,True,Alfa Romeo,0 days 00:48:33.847000,2022-11-19 14:38:02.999,1,,False,,False,True
244,0 days 00:51:53.657000,ZHO,24,114.402,12.0,4.0,,0 days 00:51:52.514000,0 days 00:00:24.080000,0 days 00:00:45.709000,0 days 00:00:44.613000,0 days 00:50:23.335000,0 days 00:51:09.044000,0 days 00:51:53.657000,208.0,226.0,,222.0,False,SOFT,3.0,True,Alfa Romeo,0 days 00:49:59.255000,2022-11-19 14:39:28.407,1,,False,,False,False
245,0 days 00:13:17.139000,MAG,20,,1.0,1.0,0 days 00:10:58.554000,,,0 days 00:00:55.734000,0 days 00:00:59.959000,,0 days 00:12:17.198000,0 days 00:13:17.139000,243.0,165.0,219.0,223.0,False,SOFT,1.0,True,Haas F1 Team,0 days 00:10:58.554000,2022-11-19 14:00:27.706,1,,False,,False,False
246,0 days 00:14:43.556000,MAG,20,86.417,2.0,1.0,,,0 days 00:00:17.867000,0 days 00:00:37.104000,0 days 00:00:31.446000,0 days 00:13:35.006000,0 days 00:14:12.110000,0 days 00:14:43.556000,285.0,318.0,216.0,321.0,True,SOFT,2.0,True,Haas F1 Team,0 days 00:13:17.139000,2022-11-19 14:02:46.291,1,,False,,False,True
247,0 days 00:17:15.293000,MAG,20,,3.0,1.0,,,0 days 00:00:29.474000,0 days 00:01:03.179000,0 days 00:00:59.088000,0 days 00:15:13.026000,0 days 00:16:16.212000,0 days 00:17:15.472000,148.0,154.0,164.0,151.0,False,SOFT,3.0,True,Haas F1 Team,0 days 00:14:43.556000,2022-11-19 14:04:12.708,1,,False,,False,False
248,0 days 00:19:29.522000,MAG,20,134.229,4.0,1.0,,,0 days 00:00:28.947000,0 days 00:00:52.738000,0 days 00:00:52.544000,0 days 00:17:44.240000,0 days 00:18:36.978000,0 days 00:19:29.522000,165.0,244.0,220.0,242.0,False,SOFT,4.0,True,Haas F1 Team,0 days 00:17:15.293000,2022-11-19 14:06:44.445,2,,False,,False,True
249,0 days 00:20:55.690000,MAG,20,86.168,5.0,1.0,,,0 days 00:00:17.763000,0 days 00:00:36.930000,0 days 00:00:31.475000,0 days 00:19:47.285000,0 days 00:20:24.215000,0 days 00:20:55.690000,287.0,318.0,215.0,323.0,True,SOFT,5.0,True,Haas F1 Team,0 days 00:19:29.522000,2022-11-19 14:08:58.674,1,,False,,False,True
250,0 days 00:22:33.314000,MAG,20,97.624,6.0,1.0,,0 days 00:22:32.189000,0 days 00:00:18.979000,0 days 00:00:41.277000,0 days 00:00:37.368000,0 days 00:21:14.669000,0 days 00:21:55.946000,0 days 00:22:33.314000,262.0,279.0,,280.0,False,SOFT,6.0,True,Haas F1 Team,0 days 00:20:55.690000,2022-11-19 14:10:24.842,1,,False,,False,False
251,0 days 00:27:55.876000,MAG,20,,7.0,2.0,0 days 00:25:11.481000,,,0 days 00:00:43.328000,0 days 00:01:22.354000,,0 days 00:26:33.556000,0 days 00:27:56.020000,261.0,201.0,219.0,237.0,False,SOFT,1.0,True,Haas F1 Team,0 days 00:22:33.314000,2022-11-19 14:12:02.466,1,,False,,False,False
252,0 days 00:29:21.710000,MAG,20,85.834,8.0,2.0,,,0 days 00:00:17.637000,0 days 00:00:36.876000,0 days 00:00:31.321000,0 days 00:28:13.513000,0 days 00:28:50.389000,0 days 00:29:21.710000,289.0,319.0,212.0,325.0,True,SOFT,2.0,True,Haas F1 Team,0 days 00:27:55.876000,2022-11-19 14:17:25.028,1,,False,,False,True
253,0 days 00:31:13.831000,MAG,20,112.121,9.0,2.0,,0 days 00:31:12.053000,0 days 00:00:21.928000,0 days 00:00:44.849000,0 days 00:00:45.344000,0 days 00:29:43.638000,0 days 00:30:28.487000,0 days 00:31:13.831000,249.0,210.0,,196.0,False,SOFT,3.0,True,Haas F1 Team,0 days 00:29:21.710000,2022-11-19 14:18:50.862,1,,False,,False,False
254,0 days 00:12:32.963000,GAS,10,,1.0,1.0,0 days 00:10:38.114000,,,0 days 00:00:45.639000,0 days 00:00:40.355000,,0 days 00:11:52.657000,0 days 00:12:32.980000,242.0,281.0,220.0,272.0,False,SOFT,1.0,True,AlphaTauri,0 days 00:10:38.114000,2022-11-19 14:00:07.266,1,,False,,False,False
255,0 days 00:13:59.281000,GAS,10,86.318,2.0,1.0,,,0 days 00:00:17.705000,0 days 00:00:37.048000,0 days 00:00:31.565000,0 days 00:12:50.668000,0 days 00:13:27.716000,0 days 00:13:59.281000,286.0,318.0,217.0,322.0,True,SOFT,2.0,True,AlphaTauri,0 days 00:12:32.963000,2022-11-19 14:02:02.115,1,,False,,False,True
256,0 days 00:15:45.694000,GAS,10,106.413,3.0,1.0,,0 days 00:15:44.310000,0 days 00:00:20.546000,0 days 00:00:43.353000,0 days 00:00:42.514000,0 days 00:14:19.827000,0 days 00:15:03.180000,0 days 00:15:45.694000,252.0,271.0,,274.0,False,SOFT,3.0,True,AlphaTauri,0 days 00:13:59.281000,2022-11-19 14:03:28.433,1,,False,,False,False
257,0 days 00:19:56.779000,GAS,10,,4.0,2.0,0 days 00:18:06.736000,,,0 days 00:00:45.334000,0 days 00:00:39.900000,,0 days 00:19:16.921000,0 days 00:19:56.933000,217.0,285.0,222.0,301.0,False,SOFT,1.0,True,AlphaTauri,0 days 00:15:45.694000,2022-11-19 14:05:14.846,2,,False,,False,False
258,0 days 00:21:22.638000,GAS,10,85.859,5.0,2.0,,,0 days 00:00:17.559000,0 days 00:00:36.854000,0 days 00:00:31.446000,0 days 00:20:14.338000,0 days 00:20:51.192000,0 days 00:21:22.638000,287.0,320.0,217.0,324.0,True,SOFT,2.0,True,AlphaTauri,0 days 00:19:56.779000,2022-11-19 14:09:25.931,1,,False,,False,True
259,0 days 00:23:06.944000,GAS,10,104.306,6.0,2.0,,0 days 00:23:05.814000,0 days 00:00:19.616000,0 days 00:00:43.638000,0 days 00:00:41.052000,0 days 00:21:42.254000,0 days 00:22:25.892000,0 days 00:23:06.944000,259.0,272.0,,268.0,False,SOFT,3.0,True,AlphaTauri,0 days 00:21:22.638000,2022-11-19 14:10:51.790,1,,False,,False,False
260,0 days 00:27:18.721000,GAS,10,,7.0,3.0,0 days 00:24:54.054000,,,0 days 00:00:47.523000,0 days 00:00:59.984000,,0 days 00:26:18.738000,0 days 00:27:18.898000,262.0,278.0,218.0,303.0,False,SOFT,1.0,True,AlphaTauri,0 days 00:23:06.944000,2022-11-19 14:12:36.096,1,,False,,False,False
261,0 days 00:28:44.583000,GAS,10,85.862,8.0,3.0,,,0 days 00:00:17.625000,0 days 00:00:36.699000,0 days 00:00:31.538000,0 days 00:27:36.346000,0 days 00:28:13.045000,0 days 00:28:44.583000,289.0,321.0,217.0,326.0,False,SOFT,2.0,True,AlphaTauri,0 days 00:27:18.721000,2022-11-19 14:16:47.873,1,,False,,False,True
262,0 days 00:30:30.004000,GAS,10,105.421,9.0,3.0,,0 days 00:30:28.881000,0 days 00:00:21.981000,0 days 00:00:44.747000,0 days 00:00:38.693000,0 days 00:29:06.564000,0 days 00:29:51.311000,0 days 00:30:30.004000,251.0,263.0,,271.0,False,SOFT,3.0,True,AlphaTauri,0 days 00:28:44.583000,2022-11-19 14:18:13.735,1,,False,,False,False
263,0 days 00:17:51.951000,BOT,77,,1.0,1.0,0 days 00:15:46.457000,,,0 days 00:00:48.545000,0 days 00:00:53.487000,,0 days 00:16:58.508000,0 days 00:17:51.951000,246.0,214.0,219.0,248.0,False,SOFT,1.0,True,Alfa Romeo,0 days 00:15:46.457000,2022-11-19 14:05:15.609,1,,False,,False,False
264,0 days 00:19:18.451000,BOT,77,86.5,2.0,1.0,,,0 days 00:00:17.837000,0 days 00:00:37.230000,0 days 00:00:31.433000,0 days 00:18:09.788000,0 days 00:18:47.018000,0 days 00:19:18.451000,284.0,315.0,216.0,320.0,True,SOFT,2.0,True,Alfa Romeo,0 days 00:17:51.951000,2022-11-19 14:07:21.103,2,,False,,False,True
265,0 days 00:21:22.653000,BOT,77,124.202,3.0,1.0,,0 days 00:21:21.458000,0 days 00:00:22.991000,0 days 00:00:56.678000,0 days 00:00:44.533000,0 days 00:19:41.442000,0 days 00:20:38.120000,0 days 00:21:22.653000,241.0,174.0,,162.0,False,SOFT,3.0,True,Alfa Romeo,0 days 00:19:18.451000,2022-11-19 14:08:47.603,1,,False,,False,False
266,0 days 00:27:28.231000,BOT,77,,4.0,2.0,0 days 00:24:48.157000,,,0 days 00:00:45.233000,0 days 00:01:24.850000,,0 days 00:26:03.426000,0 days 00:27:28.404000,252.0,249.0,217.0,256.0,False,SOFT,1.0,True,Alfa Romeo,0 days 00:21:22.653000,2022-11-19 14:10:51.805,1,,False,,False,False
267,0 days 00:28:54.123000,BOT,77,85.892,5.0,2.0,,,0 days 00:00:17.808000,0 days 00:00:36.913000,0 days 00:00:31.171000,0 days 00:27:46.039000,0 days 00:28:22.952000,0 days 00:28:54.123000,286.0,316.0,219.0,321.0,True,SOFT,2.0,True,Alfa Romeo,0 days 00:27:28.231000,2022-11-19 14:16:57.383,1,,False,,False,True
268,0 days 00:30:50.044000,BOT,77,115.921,6.0,2.0,,0 days 00:30:48.962000,0 days 00:00:25.154000,0 days 00:00:50.766000,0 days 00:00:40.001000,0 days 00:29:19.277000,0 days 00:30:10.043000,0 days 00:30:50.044000,193.0,209.0,,223.0,False,SOFT,3.0,True,Alfa Romeo,0 days 00:28:54.123000,2022-11-19 14:18:23.275,1,,False,,False,False
269,0 days 00:13:00.566000,ALB,23,,1.0,1.0,0 days 00:10:53.203000,,,0 days 00:00:41.521000,0 days 00:01:00.653000,,0 days 00:11:59.989000,0 days 00:13:00.576000,267.0,238.0,226.0,287.0,False,SOFT,1.0,True,Williams,0 days 00:10:53.203000,2022-11-19 14:00:22.355,1,,False,,False,False
270,0 days 00:14:27.073000,ALB,23,86.507,2.0,1.0,,,0 days 00:00:17.736000,0 days 00:00:36.882000,0 days 00:00:31.889000,0 days 00:13:18.302000,0 days 00:13:55.184000,0 days 00:14:27.073000,294.0,326.0,217.0,330.0,True,SOFT,2.0,True,Williams,0 days 00:13:00.566000,2022-11-19 14:02:29.718,1,,False,,False,True
271,0 days 00:16:44.423000,ALB,23,137.35,3.0,1.0,,,0 days 00:00:25.955000,0 days 00:00:58.621000,0 days 00:00:52.774000,0 days 00:14:53.028000,0 days 00:15:51.649000,0 days 00:16:44.423000,226.0,186.0,192.0,137.0,False,SOFT,3.0,True,Williams,0 days 00:14:27.073000,2022-11-19 14:03:56.225,1,,False,,False,True
272,0 days 00:18:38.409000,ALB,23,113.986,4.0,1.0,,,0 days 00:00:22.829000,0 days 00:00:45.643000,0 days 00:00:45.514000,0 days 00:17:07.252000,0 days 00:17:52.895000,0 days 00:18:38.409000,259.0,202.0,222.0,172.0,False,SOFT,4.0,True,Williams,0 days 00:16:44.423000,2022-11-19 14:06:13.575,1,,False,,False,True
273,0 days 00:20:04.849000,ALB,23,86.44,5.0,1.0,,,0 days 00:00:17.612000,0 days 00:00:36.904000,0 days 00:00:31.924000,0 days 00:18:56.021000,0 days 00:19:32.925000,0 days 00:20:04.849000,294.0,325.0,216.0,330.0,False,SOFT,5.0,True,Williams,0 days 00:18:38.409000,2022-11-19 14:08:07.561,2,,True,TRACK LIMITS AT TURN 1 LAP 6 ,False,True
274,0 days 00:21:49.184000,ALB,23,104.335,6.0,1.0,,0 days 00:21:48.105000,0 days 00:00:20.117000,0 days 00:00:43.614000,0 days 00:00:40.604000,0 days 00:20:24.966000,0 days 00:21:08.580000,0 days 00:21:49.184000,218.0,280.0,,270.0,False,SOFT,6.0,True,Williams,0 days 00:20:04.849000,2022-11-19 14:09:34.001,1,,False,,False,False
275,0 days 00:27:22.898000,ALB,23,,7.0,2.0,0 days 00:25:17.256000,,,0 days 00:00:41.376000,0 days 00:00:50.579000,,0 days 00:26:32.345000,0 days 00:27:23.083000,276.0,199.0,220.0,269.0,False,SOFT,1.0,True,Williams,0 days 00:21:49.184000,2022-11-19 14:11:18.336,1,,False,,False,False
276,0 days 00:28:48.926000,ALB,23,86.028,8.0,2.0,,,0 days 00:00:17.561000,0 days 00:00:36.708000,0 days 00:00:31.759000,0 days 00:27:40.459000,0 days 00:28:17.167000,0 days 00:28:48.926000,294.0,328.0,216.0,334.0,True,SOFT,2.0,True,Williams,0 days 00:27:22.898000,2022-11-19 14:16:52.050,1,,False,,False,True
277,0 days 00:30:49.003000,ALB,23,120.077,9.0,2.0,,0 days 00:30:47.885000,0 days 00:00:22.690000,0 days 00:00:51.259000,0 days 00:00:46.128000,0 days 00:29:11.616000,0 days 00:30:02.875000,0 days 00:30:49.003000,255.0,206.0,,203.0,False,SOFT,3.0,True,Williams,0 days 00:28:48.926000,2022-11-19 14:18:18.078,1,,False,,False,False
278,0 days 00:12:19.640000,LAT,6,,1.0,1.0,0 days 00:10:34.809000,,,0 days 00:00:40.902000,0 days 00:00:37.693000,,0 days 00:11:41.975000,0 days 00:12:19.660000,266.0,293.0,222.0,312.0,False,SOFT,1.0,True,Williams,0 days 00:10:34.809000,2022-11-19 14:00:03.961,1,,False,,False,False
279,0 days 00:13:46.481000,LAT,6,86.841,2.0,1.0,,,0 days 00:00:17.756000,0 days 00:00:36.973000,0 days 00:00:32.112000,0 days 00:12:37.396000,0 days 00:13:14.369000,0 days 00:13:46.481000,293.0,324.0,215.0,327.0,True,SOFT,2.0,True,Williams,0 days 00:12:19.640000,2022-11-19 14:01:48.792,1,,False,,False,True
280,0 days 00:15:31.715000,LAT,6,105.234,3.0,1.0,,0 days 00:15:30.627000,0 days 00:00:20.974000,0 days 00:00:42.173000,0 days 00:00:42.087000,0 days 00:14:07.455000,0 days 00:14:49.628000,0 days 00:15:31.715000,258.0,284.0,,302.0,False,SOFT,3.0,True,Williams,0 days 00:13:46.481000,2022-11-19 14:03:15.633,1,,False,,False,False
281,0 days 00:19:04.969000,LAT,6,,4.0,2.0,0 days 00:17:06.498000,,,0 days 00:00:44.051000,0 days 00:00:53.495000,,0 days 00:18:11.545000,0 days 00:19:05.140000,273.0,235.0,222.0,318.0,False,SOFT,1.0,True,Williams,0 days 00:15:31.715000,2022-11-19 14:05:00.867,1,,False,,False,False
282,0 days 00:20:31.715000,LAT,6,86.746,5.0,2.0,,,0 days 00:00:17.535000,0 days 00:00:36.926000,0 days 00:00:32.285000,0 days 00:19:22.504000,0 days 00:19:59.430000,0 days 00:20:31.715000,295.0,326.0,216.0,330.0,True,SOFT,2.0,True,Williams,0 days 00:19:04.969000,2022-11-19 14:08:34.121,2,,False,,False,True
283,0 days 00:22:23.604000,LAT,6,111.889,6.0,2.0,,0 days 00:22:22.537000,0 days 00:00:22.993000,0 days 00:00:45.767000,0 days 00:00:43.129000,0 days 00:20:54.708000,0 days 00:21:40.475000,0 days 00:22:23.604000,170.0,187.0,,280.0,False,SOFT,3.0,True,Williams,0 days 00:20:31.715000,2022-11-19 14:10:00.867,1,,False,,False,False
284,0 days 00:26:49.390000,LAT,6,,7.0,3.0,0 days 00:24:40.539000,,,0 days 00:00:44.561000,0 days 00:00:57.828000,,0 days 00:25:51.604000,0 days 00:26:49.533000,282.0,302.0,224.0,321.0,False,SOFT,1.0,True,Williams,0 days 00:22:23.604000,2022-11-19 14:11:52.756,1,,False,,False,False
285,0 days 00:28:15.444000,LAT,6,86.054,8.0,3.0,,,0 days 00:00:17.584000,0 days 00:00:36.540000,0 days 00:00:31.930000,0 days 00:27:06.974000,0 days 00:27:43.514000,0 days 00:28:15.444000,294.0,325.0,218.0,330.0,True,SOFT,2.0,True,Williams,0 days 00:26:49.390000,2022-11-19 14:16:18.542,1,,False,,False,True
286,0 days 00:30:18.261000,LAT,6,122.817,9.0,3.0,,0 days 00:30:17.115000,0 days 00:00:27.414000,0 days 00:00:48.083000,0 days 00:00:47.320000,0 days 00:28:42.858000,0 days 00:29:30.941000,0 days 00:30:18.261000,244.0,254.0,,284.0,False,SOFT,3.0,True,Williams,0 days 00:28:15.444000,2022-11-19 14:17:44.596,1,,False,,False,False
